OFF
2648 2400 0
0.0600000321865082 0.9194588661193848 -1.2328948974609375
-0.0600000321865082 0.9194588661193848 -1.2328948974609375
0.0600000321865082 1.0578589439392090 -1.2328948974609375
-0.0600000321865082 1.0578589439392090 -1.2328948974609375
0.3189707100391388 0.8790343403816223 -1.2037801742553711
0.2229706496000290 0.8790343403816223 -1.2037801742553711
0.3189707100391388 0.9897344708442688 -1.2037801742553711
0.2229706496000290 0.9897344708442688 -1.2037801742553711
0.0047000027261674 1.5729007720947266 0.6640002131462097
-0.0047000027261674 1.5729007720947266 0.6640002131462097
0.0047000027261674 0.8734005093574524 1.2847007513046265
-0.0047000027261674 0.8734005093574524 1.2847007513046265
0.0047000027261674 0.5762004256248474 1.4560006856918335
-0.0047000027261674 0.5762004256248474 1.4560006856918335
0.0000000000000000 1.5782008171081543 0.6706001758575439
0.0000000000000000 0.8788005113601685 1.2912006378173828
0.0000000000000000 0.5814003944396973 1.4626007080078125
0.0047000027261674 0.5349003672599792 1.1886005401611328
0.0000000000000000 0.5409003496170044 1.1945005655288696
0.0047000027261674 1.0285005569458008 0.6867002844810486
0.0000000000000000 1.0345005989074707 0.6926003098487854
-0.0047000027261674 0.5349003672599792 1.1886005401611328
-0.0047000027261674 1.0285005569458008 0.6867002844810486
0.0047000027261674 0.6023004055023193 1.6809008121490479
0.0000000000000000 0.6101004481315613 1.6842008829116821
0.0047000027261674 0.8749005198478699 1.2834006547927856
0.0000000000000000 0.8826004862785339 1.2867007255554199
-0.0047000027261674 0.6023004055023193 1.6809008121490479
-0.0047000027261674 0.8749005198478699 1.2834006547927856
0.3163001537322998 0.4171001315116882 -1.0046005249023438
0.2513001263141632 0.6872003078460693 -1.1021006107330322
0.2904001772403717 0.3833000957965851 -0.9900005459785461
0.2105001062154770 0.7148002386093140 -1.1141005754470825
0.0000000000000000 0.3833000957965851 -0.9900005459785461
0.0000000000000000 0.7268003225326538 -1.1183006763458252
-0.2105001062154770 0.7148002386093140 -1.1141005754470825
0.5320002436637878 0.0211999323219061 -0.9330004453659058
0.5446003079414368 0.0312999375164509 -0.9508004784584045
0.0000000000000000 0.0511999465525150 -0.9404005408287048
0.0000000000000000 0.0622999519109726 -0.9639005064964294
-0.5320002436637878 0.0211999323219061 -0.9330004453659058
-0.5446003079414368 0.0312999375164509 -0.9508004784584045
0.2659001350402832 0.7426003217697144 -1.0936006307601929
0.3541001975536346 0.3766001164913177 -0.9475005269050598
0.3185001611709595 0.7426003217697144 -0.5738003253936768
0.3662001788616180 0.3491001129150391 -0.8871004581451416
0.3985002040863037 0.3491001427173615 -0.5495002865791321
0.5446003079414368 0.1700000166893005 -0.9698004722595215
0.5320002436637878 0.1833000183105469 -0.9548004865646362
0.0000000000000000 0.2404000461101532 -0.9883004426956177
0.0000000000000000 0.2537000477313995 -0.9676004648208618
-0.5320002436637878 0.1833000183105469 -0.9548004865646362
-0.2904001772403717 0.3833000957965851 -0.9900005459785461
-0.2513001263141632 0.6872003078460693 -1.1021006107330322
-0.3163001537322998 0.4171001315116882 -1.0046005249023438
-0.4308002591133118 0.3491001725196838 -0.2119001150131226
-0.3985002040863037 0.3491001427173615 -0.5495002865791321
-0.3754002153873444 0.5639002323150635 -0.3506002128124237
-0.3185001611709595 0.7426003217697144 -0.5738003253936768
0.3754002153873444 0.5639002323150635 -0.3506002128124237
0.4308002591133118 0.3491001725196838 -0.2119001150131226
-0.2659001350402832 0.7426003217697144 -1.0936006307601929
-0.3541001975536346 0.3766001164913177 -0.9475005269050598
-0.3662001788616180 0.3491001129150391 -0.8871004581451416
0.5320002436637878 0.0211999323219061 -0.9330004453659058
0.0000000000000000 0.0511999465525150 -0.9404005408287048
0.5320002436637878 0.1833000183105469 -0.9548004865646362
0.0000000000000000 0.2537000477313995 -0.9676004648208618
0.5446003079414368 0.1700000166893005 -0.9698004722595215
0.0000000000000000 0.2404000461101532 -0.9883004426956177
0.5446003079414368 0.0312999375164509 -0.9508004784584045
0.0000000000000000 0.0622999519109726 -0.9639005064964294
0.6198003292083740 0.1700000464916229 -0.5627003312110901
0.6198003292083740 0.0312999784946442 -0.5627003312110901
0.4521002471446991 0.1724000573158264 -0.5531002879142761
0.4521002471446991 0.0323999784886837 -0.5531002879142761
0.5446003079414368 0.1700000166893005 -0.9698004722595215
0.6198003292083740 0.1700000464916229 -0.5627003312110901
0.5320002436637878 0.1833000183105469 -0.9548004865646362
0.6072003245353699 0.1833000630140305 -0.5758002996444702
-0.5446003079414368 0.0312999375164509 -0.9508004784584045
-0.5446003079414368 0.1700000166893005 -0.9698004722595215
-0.6072003245353699 0.0211999714374542 -0.5758002996444702
-0.6198003292083740 0.0312999784946442 -0.5627003312110901
-0.4521002471446991 0.0222999714314938 -0.5724002718925476
-0.4521002471446991 0.0323999784886837 -0.5531002879142761
-0.5320002436637878 0.0211999323219061 -0.9330004453659058
-0.5446003079414368 0.0312999375164509 -0.9508004784584045
-0.6072003245353699 0.0211999714374542 -0.5758002996444702
-0.6198003292083740 0.0312999784946442 -0.5627003312110901
-0.4521002471446991 0.1724000573158264 -0.5531002879142761
-0.6198003292083740 0.1700000464916229 -0.5627003312110901
-0.4521002471446991 0.1827000677585602 -0.5724002718925476
-0.6072003245353699 0.1833000630140305 -0.5758002996444702
-0.5320002436637878 0.0211999323219061 -0.9330004453659058
-0.6072003245353699 0.0211999714374542 -0.5758002996444702
-0.5320002436637878 0.1833000183105469 -0.9548004865646362
-0.6072003245353699 0.1833000630140305 -0.5758002996444702
-0.5446003079414368 0.1700000166893005 -0.9698004722595215
-0.6198003292083740 0.1700000464916229 -0.5627003312110901
-0.5446003079414368 0.0312999375164509 -0.9508004784584045
-0.6198003292083740 0.0312999784946442 -0.5627003312110901
-0.6072003245353699 0.0211999714374542 -0.5758002996444702
-0.4521002471446991 0.0222999714314938 -0.5724002718925476
-0.6072003245353699 0.1833000630140305 -0.5758002996444702
-0.4521002471446991 0.1827000677585602 -0.5724002718925476
-0.5320002436637878 0.0211999323219061 -0.9330004453659058
-0.5320002436637878 0.1833000183105469 -0.9548004865646362
-0.4521002471446991 0.0323999784886837 -0.5531002879142761
-0.6198003292083740 0.0312999784946442 -0.5627003312110901
-0.4521002471446991 0.1724000573158264 -0.5531002879142761
-0.6198003292083740 0.1700000464916229 -0.5627003312110901
-0.6072003245353699 0.1833000630140305 -0.5758002996444702
-0.6198003292083740 0.1700000464916229 -0.5627003312110901
-0.5320002436637878 0.1833000183105469 -0.9548004865646362
-0.5446003079414368 0.1700000166893005 -0.9698004722595215
0.6198003292083740 0.0312999784946442 -0.5627003312110901
0.6198003292083740 0.1700000464916229 -0.5627003312110901
0.5446003079414368 0.0312999375164509 -0.9508004784584045
0.5446003079414368 0.1700000166893005 -0.9698004722595215
0.4521002471446991 0.0323999784886837 -0.5531002879142761
0.6198003292083740 0.0312999784946442 -0.5627003312110901
0.4521002471446991 0.0222999714314938 -0.5724002718925476
0.6072003245353699 0.0211999714374542 -0.5758002996444702
0.6198003292083740 0.0312999784946442 -0.5627003312110901
0.5446003079414368 0.0312999375164509 -0.9508004784584045
0.6072003245353699 0.0211999714374542 -0.5758002996444702
0.5320002436637878 0.0211999323219061 -0.9330004453659058
0.6072003245353699 0.1833000630140305 -0.5758002996444702
0.6198003292083740 0.1700000464916229 -0.5627003312110901
0.4521002471446991 0.1827000677585602 -0.5724002718925476
0.4521002471446991 0.1724000573158264 -0.5531002879142761
0.6072003245353699 0.1833000630140305 -0.5758002996444702
0.6072003245353699 0.0211999714374542 -0.5758002996444702
0.5320002436637878 0.1833000183105469 -0.9548004865646362
0.5320002436637878 0.0211999323219061 -0.9330004453659058
0.4521002471446991 0.1827000677585602 -0.5724002718925476
0.4521002471446991 0.0222999714314938 -0.5724002718925476
0.6072003245353699 0.1833000630140305 -0.5758002996444702
0.6072003245353699 0.0211999714374542 -0.5758002996444702
-0.5446003079414368 0.1700000166893005 -0.9698004722595215
-0.2219276428222656 0.8790343403816223 -1.2037801742553711
-0.3179277181625366 0.8790343403816223 -1.2037801742553711
-0.2219276428222656 0.9897344708442688 -1.2037801742553711
-0.3179277181625366 0.9897344708442688 -1.2037801742553711
0.2450001239776611 0.1881001293659210 0.8171004056930542
0.2292001247406006 0.2028001546859741 0.8376004099845886
0.2449001222848892 0.2679001986980438 0.8172004222869873
0.2292001247406006 0.2531001567840576 0.8376004099845886
0.1951001137495041 0.3077002167701721 0.8650004863739014
0.1978001147508621 0.2782001793384552 0.8678004741668701
0.1452000886201859 0.2677002251148224 0.9128004908561707
0.1664000898599625 0.2530002295970917 0.8980004191398621
0.1452000886201859 0.1879001855850220 0.9127004742622375
0.1664000898599625 0.2027001827955246 0.8979004621505737
0.1951001137495041 0.1481001526117325 0.8648003935813904
0.1978001147508621 0.1776001304388046 0.8677004575729370
-0.2449001222848892 0.2679001986980438 0.8172004222869873
-0.2292001247406006 0.2531001567840576 0.8376004099845886
-0.2450001239776611 0.1881001293659210 0.8171004056930542
-0.2292001247406006 0.2028001546859741 0.8376004099845886
-0.1951001137495041 0.1481001526117325 0.8648003935813904
-0.1978001147508621 0.1776001304388046 0.8677004575729370
-0.1452000886201859 0.1879001855850220 0.9127004742622375
-0.1664000898599625 0.2027001827955246 0.8979004621505737
-0.1452000886201859 0.2677002251148224 0.9128004908561707
-0.1664000898599625 0.2530002295970917 0.8980004191398621
-0.1951001137495041 0.3077002167701721 0.8650004863739014
-0.1978001147508621 0.2782001793384552 0.8678004741668701
-0.6104003190994263 -0.2449001222848892 -0.2277000844478607
-0.4296002089977264 -0.2449001222848892 -0.2277000844478607
-0.6104003190994263 -0.2449001222848892 -0.2126001119613647
-0.4296002089977264 -0.2449001222848892 -0.2126001119613647
-0.6104003190994263 -0.2592001259326935 -0.2079000622034073
-0.4296002089977264 -0.2592001259326935 -0.2079000622034073
-0.6104003190994263 -0.2681001424789429 -0.2201001197099686
-0.4296002089977264 -0.2681001424789429 -0.2201001197099686
-0.6104003190994263 -0.2592001259326935 -0.2323000878095627
-0.4296002089977264 -0.2592001259326935 -0.2323000878095627
-0.7004004120826721 -0.2449001222848892 0.1202000677585602
-0.5196002721786499 -0.2449001222848892 0.1202000677585602
-0.7004004120826721 -0.2449000924825668 0.1353000700473785
-0.5196002721786499 -0.2449000924825668 0.1353000700473785
-0.7004004120826721 -0.2592001259326935 0.1400000751018524
-0.5196002721786499 -0.2592001259326935 0.1400000751018524
-0.7004004120826721 -0.2681001126766205 0.1278000622987747
-0.5196002721786499 -0.2681001126766205 0.1278000622987747
-0.7004004120826721 -0.2592001259326935 0.1156000643968582
-0.5196002721786499 -0.2592001259326935 0.1156000643968582
-0.5744003057479858 -0.2449000924825668 0.4682002365589142
-0.3935002088546753 -0.2449000924825668 0.4682002365589142
-0.5744003057479858 -0.2449000924825668 0.4833002686500549
-0.3935002088546753 -0.2449000924825668 0.4833002686500549
-0.5744003057479858 -0.2592000961303711 0.4880003035068512
-0.3935002088546753 -0.2592000961303711 0.4880003035068512
-0.5744003057479858 -0.2681001126766205 0.4758002758026123
-0.3935002088546753 -0.2681001126766205 0.4758002758026123
-0.5744003057479858 -0.2592000961303711 0.4636003077030182
-0.3935002088546753 -0.2592000961303711 0.4636003077030182
0.6415003538131714 0.1316000670194626 0.1633000820875168
0.4259002208709717 0.1128000542521477 0.1400000751018524
0.6461003422737122 0.0794000402092934 0.1935001015663147
0.4323002398014069 0.0405000224709511 0.1819000989198685
0.6461003422737122 0.0794000402092934 0.2540001273155212
0.4323002398014069 0.0405000224709511 0.2656001448631287
0.6415003538131714 0.1316000670194626 0.2842001616954803
0.4259002208709717 0.1128000542521477 0.3075001537799835
0.6369003057479858 0.1838000863790512 0.2540000975131989
0.4196002185344696 0.1850000917911530 0.2656000852584839
0.6369003057479858 0.1838000863790512 0.1935001015663147
0.4196002185344696 0.1850000917911530 0.1819000989198685
0.6415003538131714 0.1316000670194626 -0.0466000251471996
0.4259002208709717 0.1128000542521477 -0.0699000358581543
0.6461003422737122 0.0794000402092934 -0.0164000093936920
0.4323002398014069 0.0405000224709511 -0.0280000139027834
0.6461003422737122 0.0794000402092934 0.0440000258386135
0.4323002398014069 0.0405000224709511 0.0556000284850597
0.6415003538131714 0.1316000670194626 0.0742000415921211
0.4259002208709717 0.1128000542521477 0.0975000560283661
0.6369003057479858 0.1838000863790512 0.0440000258386135
0.4196002185344696 0.1850000917911530 0.0556000284850597
0.6369003057479858 0.1838000863790512 -0.0164000093936920
0.4196002185344696 0.1850000917911530 -0.0280000139027834
0.6415003538131714 0.1316000372171402 -0.2566001415252686
0.4259002208709717 0.1128000169992447 -0.2799001336097717
0.6461003422737122 0.0794000402092934 -0.2264001220464706
0.4323002398014069 0.0404999814927578 -0.2380001246929169
0.6461003422737122 0.0794000402092934 -0.1659000962972641
0.4323002398014069 0.0405000224709511 -0.1543000787496567
0.6415003538131714 0.1316000670194626 -0.1357000768184662
0.4259002208709717 0.1128000542521477 -0.1124000549316406
0.6369003057479858 0.1838000565767288 -0.1659001260995865
0.4196002185344696 0.1850000917911530 -0.1543000787496567
0.6369003057479858 0.1838000565767288 -0.2264001220464706
0.4196002185344696 0.1850000917911530 -0.2380001246929169
0.0240000132471323 -0.3891002833843231 -0.8426004052162170
0.0147000085562468 -0.3891002833843231 -0.8554004430770874
0.0147000085562468 -0.4650003314018250 -0.8554004430770874
0.0000000000000000 -0.3891002833843231 -0.8597005009651184
0.0000000000000000 -0.4650003314018250 -0.8597005009651184
-0.0147000085562468 -0.3891002833843231 -0.8554004430770874
-0.0147000085562468 -0.4650003314018250 -0.8554004430770874
-0.0240000132471323 -0.3891002833843231 -0.8426004052162170
-0.0240000132471323 -0.4650003314018250 -0.8426004052162170
-0.0240000132471323 -0.4650003314018250 -0.8287004232406616
0.4066002070903778 0.3280001282691956 -0.5827003717422485
0.3994002044200897 0.3280001282691956 -0.6356003284454346
0.4305002093315125 0.2685001194477081 -0.5827003717422485
0.4233002364635468 0.2685000598430634 -0.6356003284454346
0.5885003209114075 0.2251000851392746 -0.5827003121376038
0.5786002874374390 0.2251000851392746 -0.6356003284454346
0.6076003313064575 0.2039000689983368 -0.5827003121376038
0.5978003144264221 0.2039000242948532 -0.6356003284454346
0.6064003109931946 0.0561999902129173 -0.5827003121376038
0.5966002941131592 0.0561999902129173 -0.6356003284454346
-0.0240000132471323 -0.1350001543760300 -0.8426004052162170
-0.0147000085562468 -0.2070001512765884 -0.8554004430770874
-0.0147000085562468 -0.1350001543760300 -0.8554004430770874
0.0000000000000000 -0.2070001512765884 -0.8597005009651184
0.0000000000000000 -0.1350001543760300 -0.8597005009651184
0.0147000085562468 -0.2070001512765884 -0.8554004430770874
0.0147000085562468 -0.1350001543760300 -0.8554004430770874
0.0240000132471323 -0.1350001543760300 -0.8426004052162170
0.5418003201484680 0.0170000493526459 0.3300001621246338
0.4575002491474152 -0.1004000157117844 0.5070002675056458
0.4635002315044403 0.0170000493526459 0.5145002603530884
0.2419001311063766 -0.1004000157117844 0.7410003542900085
0.2550001442432404 0.0170000493526459 0.7577003836631775
0.0000000000000000 -0.1003999784588814 0.9204005002975464
0.0000000000000000 0.0170000903308392 0.9661005139350891
-0.6369003057479858 0.1838000565767288 -0.2264001220464706
-0.4196002185344696 0.1850000917911530 -0.1543000787496567
-0.6369003057479858 0.1838000565767288 -0.1659001260995865
-0.4259002208709717 0.1128000542521477 -0.1124000549316406
-0.6415003538131714 0.1316000670194626 -0.1357000768184662
-0.4323002398014069 0.0405000224709511 -0.1543000787496567
-0.6461003422737122 0.0794000402092934 -0.1659000962972641
-0.5810002684593201 -0.1004000529646873 0.1200000643730164
-0.5813002586364746 0.0170000102370977 0.1200000643730164
-0.5400003194808960 -0.1004000157117844 0.3285001516342163
-0.5418003201484680 0.0170000493526459 0.3300001621246338
-0.4575002491474152 -0.1004000157117844 0.5070002675056458
-0.4635002315044403 0.0170000493526459 0.5145002603530884
-0.2550001442432404 0.0170000493526459 0.7577003836631775
0.5407003164291382 0.3312001526355743 0.1346000283956528
0.5407003164291382 0.3312001526355743 0.1053000167012215
0.4987002611160278 0.2432001233100891 0.1346000730991364
0.4987002611160278 0.2432001233100891 0.1053000167012215
0.5193002820014954 0.2003001123666763 0.1346000730991364
0.5193002820014954 0.2003001123666763 0.1053000167012215
0.5363002419471741 0.3312001526355743 -0.0753000825643539
0.5363002419471741 0.3312001526355743 -0.1046000942587852
0.4943002760410309 0.2432001233100891 -0.0753000453114510
0.4943002760410309 0.2432001233100891 -0.1046000570058823
0.5149002671241760 0.2003001123666763 -0.0753000453114510
0.5149002671241760 0.2003001123666763 -0.1046000570058823
-0.0240000132471323 -0.3891002833843231 -0.8287004232406616
-0.0180000085383654 -0.3891002833843231 -0.8154004216194153
-0.0180000085383654 -0.4650003314018250 -0.8154004216194153
0.5813002586364746 0.0170000102370977 0.1200000643730164
0.5810002684593201 -0.1004000529646873 0.1200000643730164
0.5400003194808960 -0.1004000157117844 0.3285001516342163
0.0180000085383654 -0.4650003314018250 -0.8154004216194153
0.0180000085383654 -0.3891002833843231 -0.8154004216194153
0.0240000132471323 -0.4650003314018250 -0.8287004232406616
0.0240000132471323 -0.3891002833843231 -0.8287004232406616
-0.6415003538131714 0.1316000372171402 -0.2566001415252686
-0.4259002208709717 0.1128000169992447 -0.2799001336097717
-0.4196002185344696 0.1850000917911530 -0.2380001246929169
0.5684003233909607 -0.2553001046180725 0.4248002469539642
0.5684003233909607 -0.3063001036643982 0.4758002758026123
0.6282003521919250 -0.2553001046180725 0.4758002758026123
0.5684003233909607 -0.2553001046180725 0.5268003344535828
0.5684003233909607 -0.2043000757694244 0.4758002758026123
0.6044003367424011 -0.2553001344203949 -0.2711001038551331
0.6044003367424011 -0.3063001632690430 -0.2201001197099686
0.6642003655433655 -0.2553001344203949 -0.2201001197099686
0.6044003367424011 -0.2553001344203949 -0.1691000461578369
0.6044003367424011 -0.2043001502752304 -0.2201001197099686
-0.5684003233909607 -0.2553001046180725 0.5268003344535828
-0.5684003233909607 -0.3063001036643982 0.4758002758026123
-0.6282003521919250 -0.2553001046180725 0.4758002758026123
-0.5684003233909607 -0.2553001046180725 0.4248002469539642
-0.5684003233909607 -0.2043000757694244 0.4758002758026123
-0.6944003105163574 -0.2553001046180725 0.1788000911474228
-0.6944003105163574 -0.3063001036643982 0.1278000622987747
-0.7542003989219666 -0.2553001046180725 0.1278000622987747
-0.6944003105163574 -0.2553001344203949 0.0768000409007072
-0.6944003105163574 -0.2043001055717468 0.1278000622987747
-0.6044003367424011 -0.2553001344203949 -0.1691000461578369
-0.6044003367424011 -0.3063001632690430 -0.2201001197099686
-0.6642003655433655 -0.2553001344203949 -0.2201001197099686
-0.6044003367424011 -0.2553001344203949 -0.2711001038551331
-0.6044003367424011 -0.2043001502752304 -0.2201001197099686
-0.0240000132471323 -0.1350001543760300 -0.8287004232406616
-0.0240000132471323 -0.2070001512765884 -0.8287004232406616
-0.0240000132471323 -0.2070001512765884 -0.8426004052162170
0.6944003105163574 -0.2553001344203949 0.0768000409007072
0.6944003105163574 -0.3063001036643982 0.1278000622987747
0.7542003989219666 -0.2553001046180725 0.1278000622987747
0.6944003105163574 -0.2553001046180725 0.1788000911474228
0.6944003105163574 -0.2043001055717468 0.1278000622987747
0.0180000085383654 -0.2070001512765884 -0.8154004216194153
0.0180000085383654 -0.1350001096725464 -0.8154004216194153
0.0240000132471323 -0.2070001512765884 -0.8287004232406616
0.0240000132471323 -0.1350001543760300 -0.8287004232406616
-0.2547001242637634 0.8311004042625427 -1.1857006549835205
-0.2685001492500305 0.8311004042625427 -1.1777006387710571
-0.2581001222133636 0.8806003928184509 -1.2008006572723389
-0.2799001336097717 0.8806003928184509 -1.1883006095886230
-0.6944003105163574 -0.2043001055717468 0.1278000622987747
-0.6944003105163574 -0.2553001344203949 0.0768000409007072
-0.6944003105163574 -0.2553001046180725 0.1788000911474228
-0.6944003105163574 -0.3063001036643982 0.1278000622987747
-0.6044003367424011 -0.2043001502752304 -0.2201001197099686
-0.6044003367424011 -0.2553001344203949 -0.2711001038551331
-0.6044003367424011 -0.2553001344203949 -0.1691000461578369
-0.6044003367424011 -0.3063001632690430 -0.2201001197099686
0.2363001257181168 0.8194003105163574 -1.1579006910324097
0.2426001280546188 0.8067003488540649 -1.1488006114959717
0.2547001242637634 0.8311004042625427 -1.1857006549835205
0.2670001387596130 0.8252003192901611 -1.1911007165908813
0.2536001503467560 0.8194003105163574 -1.1479007005691528
0.2685001492500305 0.8311004042625427 -1.1777006387710571
0.2547001242637634 0.8311004042625427 -1.1857006549835205
0.2670001387596130 0.8252003192901611 -1.1911007165908813
0.2581001222133636 0.8806003928184509 -1.2008006572723389
0.2799001336097717 0.8806003928184509 -1.2133007049560547
0.2685001492500305 0.8311004042625427 -1.1777006387710571
0.2799001336097717 0.8806003928184509 -1.1883006095886230
-0.0125000067055225 0.8435003757476807 -1.1615006923675537
0.0000000000000000 0.8275003433227539 -1.1555006504058838
-0.0100000053644180 0.8582003712654114 -1.2033007144927979
0.0000000000000000 0.8507003784179688 -1.2169007062911987
0.0125000067055225 0.8435003757476807 -1.1615006923675537
0.0100000053644180 0.8582003712654114 -1.2033007144927979
-0.0100000053644180 0.8582003712654114 -1.2033007144927979
0.0000000000000000 0.8507003784179688 -1.2169007062911987
-0.0157000087201595 0.9204004406929016 -1.2219007015228271
0.0000000000000000 0.9204004406929016 -1.2491006851196289
0.0100000053644180 0.8582003712654114 -1.2033007144927979
0.0157000087201595 0.9204004406929016 -1.2219007015228271
-0.6415003538131714 0.1316000670194626 0.1633000820875168
-0.6461003422737122 0.0794000402092934 0.1935001015663147
-0.4259002208709717 0.1128000542521477 0.1400000751018524
-0.4323002398014069 0.0405000224709511 0.1819000989198685
-0.6461003422737122 0.0794000402092934 0.2540001273155212
-0.4323002398014069 0.0405000224709511 0.2656001448631287
0.5684003233909607 -0.3063001036643982 0.4758002758026123
0.5684003233909607 -0.2553001046180725 0.4248002469539642
0.5684003233909607 -0.2553001046180725 0.5268003344535828
0.5684003233909607 -0.2043000757694244 0.4758002758026123
-0.6415003538131714 0.1316000670194626 0.2842001616954803
-0.4259002208709717 0.1128000542521477 0.3075001537799835
-0.6369003057479858 0.1838000863790512 0.2540000975131989
-0.4196002185344696 0.1850000917911530 0.2656000852584839
-0.6369003057479858 0.1838000863790512 0.1935001015663147
-0.4196002185344696 0.1850000917911530 0.1819000989198685
-0.6415003538131714 0.1316000670194626 -0.0466000251471996
-0.6461003422737122 0.0794000402092934 -0.0164000093936920
-0.4259002208709717 0.1128000542521477 -0.0699000358581543
-0.4323002398014069 0.0405000224709511 -0.0280000139027834
-0.6461003422737122 0.0794000402092934 0.0440000258386135
-0.4323002398014069 0.0405000224709511 0.0556000284850597
-0.6415003538131714 0.1316000670194626 0.0742000415921211
-0.4259002208709717 0.1128000542521477 0.0975000560283661
-0.6369003057479858 0.1838000863790512 0.0440000258386135
-0.4196002185344696 0.1850000917911530 0.0556000284850597
-0.6369003057479858 0.1838000863790512 -0.0164000093936920
-0.4196002185344696 0.1850000917911530 -0.0280000139027834
-0.6461003422737122 0.0794000402092934 -0.2264001220464706
-0.4323002398014069 0.0404999814927578 -0.2380001246929169
-0.2670001387596130 0.8252003192901611 -1.1911007165908813
-0.2798001468181610 0.8806003928184509 -1.2133007049560547
-0.5684003233909607 -0.2043000757694244 0.4758002758026123
-0.5684003233909607 -0.2553001046180725 0.4248002469539642
-0.5684003233909607 -0.2553001046180725 0.5268003344535828
-0.5684003233909607 -0.3063001036643982 0.4758002758026123
0.6044003367424011 -0.3063001632690430 -0.2201001197099686
0.6044003367424011 -0.2553001344203949 -0.2711001038551331
0.6044003367424011 -0.2553001344203949 -0.1691000461578369
0.6044003367424011 -0.2043001502752304 -0.2201001197099686
0.6944003105163574 -0.3063001036643982 0.1278000622987747
0.6944003105163574 -0.2553001344203949 0.0768000409007072
0.6944003105163574 -0.2553001046180725 0.1788000911474228
0.6944003105163574 -0.2043001055717468 0.1278000622987747
0.0377000197768211 -0.4647003114223480 -1.0554006099700928
-0.0377000197768211 -0.4647003114223480 -1.0554006099700928
0.0480000264942646 -0.4650003314018250 -0.8618004918098450
-0.0480000264942646 -0.4650003314018250 -0.8618004918098450
0.0373000204563141 -0.3891002833843231 -1.0621005296707153
-0.0373000204563141 -0.3891002833843231 -1.0621005296707153
0.0377000197768211 -0.4647003114223480 -1.0554006099700928
-0.0377000197768211 -0.4647003114223480 -1.0554006099700928
0.0480000264942646 -0.3891002833843231 -0.8618004918098450
-0.0480000264942646 -0.3891002833843231 -0.8618004918098450
0.0373000204563141 -0.3891002833843231 -1.0621005296707153
-0.0373000204563141 -0.3891002833843231 -1.0621005296707153
0.0480000264942646 -0.4650003314018250 -0.8618004918098450
-0.0480000264942646 -0.4650003314018250 -0.8618004918098450
0.0480000264942646 -0.3891002833843231 -0.8618004918098450
-0.0480000264942646 -0.3891002833843231 -0.8618004918098450
-0.0480000264942646 -0.4650003314018250 -0.8618004918098450
-0.0377000197768211 -0.4647003114223480 -1.0554006099700928
-0.0480000264942646 -0.3891002833843231 -0.8618004918098450
-0.0373000204563141 -0.3891002833843231 -1.0621005296707153
0.5193002820014954 0.2003001123666763 0.1346000730991364
0.5193002820014954 0.2003001123666763 0.1053000167012215
0.5132002830505371 0.1967001110315323 0.1346000730991364
0.5132002830505371 0.1967001110315323 0.1053000167012215
0.5149002671241760 0.2003001123666763 -0.0753000453114510
0.5149002671241760 0.2003001123666763 -0.1046000570058823
0.5088002681732178 0.1967001110315323 -0.0753000453114510
0.5088002681732178 0.1967001110315323 -0.1046000570058823
0.6104003190994263 -0.2449001222848892 -0.2277000844478607
0.6104003190994263 -0.2449001222848892 -0.2126001119613647
0.4296002089977264 -0.2449001222848892 -0.2277000844478607
0.4296002089977264 -0.2449001222848892 -0.2126001119613647
0.6104003190994263 -0.2592001259326935 -0.2079000622034073
0.4296002089977264 -0.2592001259326935 -0.2079000622034073
0.6104003190994263 -0.2681001424789429 -0.2201001197099686
0.4296002089977264 -0.2681001424789429 -0.2201001197099686
0.6104003190994263 -0.2592001259326935 -0.2323000878095627
0.4296002089977264 -0.2592001259326935 -0.2323000878095627
0.7004004120826721 -0.2449001222848892 0.1202000677585602
0.7004004120826721 -0.2449000924825668 0.1353000700473785
0.5196002721786499 -0.2449001222848892 0.1202000677585602
0.5196002721786499 -0.2449000924825668 0.1353000700473785
0.7004004120826721 -0.2592001259326935 0.1400000751018524
0.5196002721786499 -0.2592001259326935 0.1400000751018524
0.7004004120826721 -0.2681001126766205 0.1278000622987747
0.5196002721786499 -0.2681001126766205 0.1278000622987747
0.7004004120826721 -0.2592001259326935 0.1156000643968582
0.5196002721786499 -0.2592001259326935 0.1156000643968582
0.5744003057479858 -0.2449000924825668 0.4682002365589142
0.5744003057479858 -0.2449000924825668 0.4833002686500549
0.3935002088546753 -0.2449000924825668 0.4682002365589142
0.3935002088546753 -0.2449000924825668 0.4833002686500549
0.5744003057479858 -0.2592000961303711 0.4880003035068512
0.5744003057479858 -0.2681001126766205 0.4758002758026123
0.3935002088546753 -0.2592000961303711 0.4880003035068512
0.3935002088546753 -0.2681001126766205 0.4758002758026123
0.5744003057479858 -0.2592000961303711 0.4636003077030182
0.3935002088546753 -0.2592000961303711 0.4636003077030182
-0.5407003164291382 0.3312001526355743 0.1346000283956528
-0.4987002611160278 0.2432001233100891 0.1346000730991364
-0.5407003164291382 0.3312001526355743 0.1053000167012215
-0.4987002611160278 0.2432001233100891 0.1053000167012215
-0.5193002820014954 0.2003001123666763 0.1053000167012215
-0.5193002820014954 0.2003001123666763 0.1346000730991364
-0.5363002419471741 0.3312001526355743 -0.0753000825643539
-0.4943002760410309 0.2432001233100891 -0.0753000453114510
-0.5363002419471741 0.3312001526355743 -0.1046000942587852
-0.4943002760410309 0.2432001233100891 -0.1046000570058823
-0.5149002671241760 0.2003001123666763 -0.1046000570058823
-0.5149002671241760 0.2003001123666763 -0.0753000453114510
0.0240000132471323 -0.4650003314018250 -0.8426004052162170
0.0480000264942646 -0.3891002535820007 -0.7325003743171692
0.0480000264942646 -0.4650003015995026 -0.7325003743171692
-0.0479000248014927 -0.3891002535820007 -0.7325003743171692
-0.0479000248014927 -0.4650003015995026 -0.7325003743171692
-0.0479000248014927 -0.4650003015995026 -0.7325003743171692
-0.0479000248014927 -0.4650003314018250 -0.8154004216194153
-0.0479000248014927 -0.3891002535820007 -0.7325003743171692
-0.0479000248014927 -0.3891002833843231 -0.8154004216194153
0.0479000248014927 -0.4650003314018250 -0.8154004216194153
0.0480000264942646 -0.4650003015995026 -0.7325003743171692
0.0479000248014927 -0.3891002833843231 -0.8154004216194153
0.0480000264942646 -0.3891002535820007 -0.7325003743171692
0.0479000248014927 -0.4650003314018250 -0.8154004216194153
-0.0479000248014927 -0.4650003314018250 -0.8154004216194153
0.0480000264942646 -0.4650003015995026 -0.7325003743171692
-0.0479000248014927 -0.4650003015995026 -0.7325003743171692
0.0479000248014927 -0.3891002833843231 -0.8154004216194153
-0.0479000248014927 -0.3891002833843231 -0.8154004216194153
0.0479000248014927 -0.4650003314018250 -0.8154004216194153
-0.0479000248014927 -0.4650003314018250 -0.8154004216194153
0.4470002353191376 -0.1004000902175903 -0.7970004081726074
0.5281002521514893 -0.1004000902175903 -0.4670002460479736
0.4407002329826355 0.0169999282807112 -0.7970004081726074
0.5237002968788147 0.0169999692589045 -0.4670002460479736
0.5820002555847168 -0.1004000529646873 -0.0900000482797623
0.5779002904891968 0.0170000102370977 -0.0900000482797623
-0.4407002329826355 0.0169999282807112 -0.7970004081726074
-0.5237002968788147 0.0169999692589045 -0.4670002460479736
-0.4470002353191376 -0.1004000902175903 -0.7970004081726074
-0.5281002521514893 -0.1004000902175903 -0.4670002460479736
-0.5779002904891968 0.0170000102370977 -0.0900000482797623
-0.5820002555847168 -0.1004000529646873 -0.0900000482797623
0.0000000000000000 -0.1003999784588814 0.9204005002975464
-0.2419001311063766 -0.1004000157117844 0.7410003542900085
0.0000000000000000 0.0170000903308392 0.9661005139350891
-0.3000001609325409 0.2427001297473907 0.3059001564979553
-0.3000001609325409 -0.0020999610424042 0.3059001564979553
-0.3000001609325409 0.2427000999450684 -0.2802001535892487
-0.3000001609325409 -0.0021000411361456 -0.2802001535892487
-0.5340002775192261 0.0417999811470509 -0.2802001535892487
-0.3000001609325409 -0.0021000411361456 -0.2802001535892487
-0.5340002775192261 0.0406000651419163 0.3059001564979553
-0.3000001609325409 -0.0020999610424042 0.3059001564979553
-0.3000001609325409 -0.0021000411361456 -0.2802001535892487
-0.5340002775192261 0.0417999811470509 -0.2802001535892487
-0.3000001609325409 0.2427000999450684 -0.2802001535892487
-0.4620002508163452 0.2427000999450684 -0.2802001535892487
-0.4620002508163452 0.2427001297473907 0.3059001564979553
-0.3000001609325409 0.2427001297473907 0.3059001564979553
-0.4620002508163452 0.2427000999450684 -0.2802001535892487
-0.3000001609325409 0.2427000999450684 -0.2802001535892487
-0.3000001609325409 0.2427001297473907 0.3059001564979553
-0.4620002508163452 0.2427001297473907 0.3059001564979553
-0.3000001609325409 -0.0020999610424042 0.3059001564979553
-0.5340002775192261 0.0406000651419163 0.3059001564979553
0.3000001609325409 -0.0021000411361456 -0.2802001535892487
0.3000001609325409 -0.0020999610424042 0.3059001564979553
0.3000001609325409 0.2427000999450684 -0.2802001535892487
0.3000001609325409 0.2427001297473907 0.3059001564979553
0.3000001609325409 -0.0020999610424042 0.3059001564979553
0.3000001609325409 -0.0021000411361456 -0.2802001535892487
0.5340002775192261 0.0406000651419163 0.3059001564979553
0.5340002775192261 0.0417999811470509 -0.2802001535892487
0.4620002508163452 0.2427000999450684 -0.2802001535892487
0.5340002775192261 0.0417999811470509 -0.2802001535892487
0.3000001609325409 0.2427000999450684 -0.2802001535892487
0.3000001609325409 -0.0021000411361456 -0.2802001535892487
0.3000001609325409 0.2427000999450684 -0.2802001535892487
0.3000001609325409 0.2427001297473907 0.3059001564979553
0.4620002508163452 0.2427000999450684 -0.2802001535892487
0.4620002508163452 0.2427001297473907 0.3059001564979553
0.5340002775192261 0.0406000651419163 0.3059001564979553
0.4620002508163452 0.2427001297473907 0.3059001564979553
0.3000001609325409 -0.0020999610424042 0.3059001564979553
0.3000001609325409 0.2427001297473907 0.3059001564979553
0.0480000264942646 -0.3891002535820007 -0.7325003743171692
-0.0479000248014927 -0.3891002535820007 -0.7325003743171692
0.0479000248014927 -0.3891002833843231 -0.8154004216194153
-0.0479000248014927 -0.3891002833843231 -0.8154004216194153
-0.0180000085383654 -0.2070001512765884 -0.8154004216194153
-0.0180000085383654 -0.1350001096725464 -0.8154004216194153
0.0240000132471323 -0.2070001512765884 -0.8426004052162170
-0.4066002070903778 0.3280001282691956 -0.5827003717422485
-0.4305002093315125 0.2685001194477081 -0.5827003717422485
-0.3994002044200897 0.3280001282691956 -0.6356003284454346
-0.4233002364635468 0.2685000598430634 -0.6356003284454346
-0.5885003209114075 0.2251000851392746 -0.5827003121376038
-0.5786002874374390 0.2251000851392746 -0.6356003284454346
-0.6076003313064575 0.2039000689983368 -0.5827003121376038
-0.5978003144264221 0.2039000242948532 -0.6356003284454346
-0.6064003109931946 0.0561999902129173 -0.5827003121376038
-0.5966002941131592 0.0561999902129173 -0.6356003284454346
0.2873001396656036 -0.1045000925660133 -0.8154004216194153
0.1621000766754150 -0.1045000925660133 -0.8154004216194153
0.2873001396656036 -0.2254001647233963 -0.8154004216194153
0.1621000766754150 -0.2254001647233963 -0.8154004216194153
-0.1621000766754150 -0.2254001647233963 -0.8154004216194153
-0.1621000766754150 -0.1045000925660133 -0.8154004216194153
-0.2873001396656036 -0.2254001647233963 -0.8154004216194153
-0.2873001396656036 -0.1045000925660133 -0.8154004216194153
-0.0480000264942646 -0.2070001512765884 -0.8618004918098450
-0.0446000248193741 -0.2068001925945282 -0.9415005445480347
-0.0480000264942646 -0.1350001543760300 -0.8618004918098450
-0.0446000248193741 -0.1351001113653183 -0.9415005445480347
0.0446000248193741 -0.2068001925945282 -0.9415005445480347
0.0480000264942646 -0.2070001512765884 -0.8618004918098450
0.0446000248193741 -0.1351001113653183 -0.9415005445480347
0.0480000264942646 -0.1350001543760300 -0.8618004918098450
0.0446000248193741 -0.2068001925945282 -0.9415005445480347
-0.0446000248193741 -0.2068001925945282 -0.9415005445480347
0.0480000264942646 -0.2070001512765884 -0.8618004918098450
-0.0480000264942646 -0.2070001512765884 -0.8618004918098450
0.0446000248193741 -0.1351001113653183 -0.9415005445480347
-0.0446000248193741 -0.1351001113653183 -0.9415005445480347
0.0446000248193741 -0.2068001925945282 -0.9415005445480347
-0.0446000248193741 -0.2068001925945282 -0.9415005445480347
0.1951001137495041 0.3077002167701721 0.8650004863739014
0.1452000886201859 0.2677002251148224 0.9128004908561707
0.1682000905275345 0.3290002346038818 0.8371004462242126
0.1051000580191612 0.2784002125263214 0.8977004289627075
0.1452000886201859 0.1879001855850220 0.9127004742622375
0.1051000580191612 0.1773001700639725 0.8975004553794861
0.1951001137495041 0.1481001526117325 0.8648003935813904
0.1683000922203064 0.1268001496791840 0.8368004560470581
0.2450001239776611 0.1881001293659210 0.8171004056930542
0.2314001172780991 0.1775001287460327 0.7763003706932068
0.2449001222848892 0.2679001986980438 0.8172004222869873
0.2314001172780991 0.2786001861095428 0.7764003872871399
0.0480000264942646 -0.1350001543760300 -0.8618004918098450
-0.0480000264942646 -0.1350001543760300 -0.8618004918098450
0.0446000248193741 -0.1351001113653183 -0.9415005445480347
-0.0446000248193741 -0.1351001113653183 -0.9415005445480347
0.0480000264942646 -0.2070001512765884 -0.8618004918098450
-0.0480000264942646 -0.2070001512765884 -0.8618004918098450
0.0480000264942646 -0.1350001543760300 -0.8618004918098450
-0.0480000264942646 -0.1350001543760300 -0.8618004918098450
0.1019000485539436 -0.1350001096725464 -0.8154004216194153
-0.1020000502467155 -0.1350001096725464 -0.8154004216194153
0.1019000485539436 -0.2070001512765884 -0.8154004216194153
-0.1020000502467155 -0.2070001512765884 -0.8154004216194153
0.5345002412796021 0.3312001526355743 0.1053000167012215
0.5345002412796021 0.3312001526355743 0.1346000283956528
0.4913002252578735 0.2433001250028610 0.1053000167012215
0.4913002252578735 0.2433001250028610 0.1346000730991364
0.0377000197768211 -0.4647003114223480 -1.0554006099700928
0.0480000264942646 -0.4650003314018250 -0.8618004918098450
0.0373000204563141 -0.3891002833843231 -1.0621005296707153
0.0480000264942646 -0.3891002833843231 -0.8618004918098450
-0.1682000905275345 0.3290002346038818 0.8371004462242126
-0.1051000580191612 0.2784002125263214 0.8977004289627075
-0.1951001137495041 0.3077002167701721 0.8650004863739014
-0.1452000886201859 0.2677002251148224 0.9128004908561707
-0.1051000580191612 0.1773001700639725 0.8975004553794861
-0.1452000886201859 0.1879001855850220 0.9127004742622375
-0.1683000922203064 0.1268001496791840 0.8368004560470581
-0.1951001137495041 0.1481001526117325 0.8648003935813904
-0.2314001172780991 0.1775001287460327 0.7763003706932068
-0.2450001239776611 0.1881001293659210 0.8171004056930542
-0.2314001172780991 0.2786001861095428 0.7764003872871399
-0.2449001222848892 0.2679001986980438 0.8172004222869873
-0.2220001220703125 0.2852002084255219 0.8104004263877869
-0.1394000649452209 0.2850002348423004 0.8896004557609558
-0.2220001220703125 0.1708001345396042 0.8103004097938538
-0.1395000666379929 0.1707001626491547 0.8895004391670227
0.1395000666379929 0.1707001626491547 0.8895004391670227
0.1394000649452209 0.2850002348423004 0.8896004557609558
0.2220001220703125 0.1708001345396042 0.8103004097938538
0.2220001220703125 0.2852002084255219 0.8104004263877869
-0.2536001503467560 0.8194003105163574 -1.1479007005691528
-0.2426001280546188 0.8067003488540649 -1.1488006114959717
-0.2685001492500305 0.8311004042625427 -1.1777006387710571
-0.2670001387596130 0.8252003192901611 -1.1911007165908813
-0.2363001257181168 0.8194003105163574 -1.1579006910324097
-0.2547001242637634 0.8311004042625427 -1.1857006549835205
0.6415003538131714 0.1316000670194626 0.2842001616954803
0.6369003057479858 0.1838000863790512 0.2540000975131989
0.6411003470420837 0.1316000670194626 0.2238000780344009
0.6369003057479858 0.1838000863790512 -0.0164000093936920
0.6415003538131714 0.1316000670194626 -0.0466000251471996
0.6411003470420837 0.1316000670194626 0.0137000074610114
0.6461003422737122 0.0794000402092934 -0.0164000093936920
0.6411003470420837 0.1316000670194626 0.0137000074610114
0.6461003422737122 0.0794000402092934 0.0440000258386135
0.6411003470420837 0.1316000670194626 0.0137000074610114
0.6415003538131714 0.1316000670194626 0.0742000415921211
0.6369003057479858 0.1838000863790512 0.0440000258386135
0.6411003470420837 0.1316000670194626 0.0137000074610114
0.6411003470420837 0.1316000670194626 0.0137000074610114
-0.6461003422737122 0.0794000402092934 -0.0164000093936920
-0.6415003538131714 0.1316000670194626 -0.0466000251471996
-0.6411003470420837 0.1316000670194626 0.0137000074610114
-0.6461003422737122 0.0794000402092934 0.0440000258386135
-0.6411003470420837 0.1316000670194626 0.0137000074610114
-0.6415003538131714 0.1316000670194626 0.0742000415921211
-0.6411003470420837 0.1316000670194626 0.0137000074610114
-0.6369003057479858 0.1838000863790512 0.0440000258386135
-0.6411003470420837 0.1316000670194626 0.0137000074610114
-0.6369003057479858 0.1838000863790512 -0.0164000093936920
-0.6369003057479858 0.1838000863790512 0.0440000258386135
-0.6411003470420837 0.1316000670194626 0.0137000074610114
-0.6411003470420837 0.1316000670194626 0.0137000074610114
0.6369003057479858 0.1838000863790512 0.1935001015663147
0.6415003538131714 0.1316000670194626 0.1633000820875168
0.6411003470420837 0.1316000670194626 0.2238000780344009
0.6461003422737122 0.0794000402092934 0.1935001015663147
0.6411003470420837 0.1316000670194626 0.2238000780344009
0.6461003422737122 0.0794000402092934 0.2540001273155212
0.6411003470420837 0.1316000670194626 0.2238000780344009
0.6461003422737122 0.0794000402092934 0.2540001273155212
0.6411003470420837 0.1316000670194626 0.2238000780344009
0.6369003057479858 0.1838000863790512 0.2540000975131989
0.6411003470420837 0.1316000670194626 0.2238000780344009
-0.6461003422737122 0.0794000402092934 -0.2264001220464706
-0.6415003538131714 0.1316000372171402 -0.2566001415252686
-0.6411003470420837 0.1316000372171402 -0.1961001157760620
-0.6461003422737122 0.0794000402092934 -0.1659000962972641
-0.6411003470420837 0.1316000372171402 -0.1961001157760620
-0.6415003538131714 0.1316000670194626 -0.1357000768184662
-0.6411003470420837 0.1316000372171402 -0.1961001157760620
-0.6369003057479858 0.1838000565767288 -0.1659001260995865
-0.6411003470420837 0.1316000372171402 -0.1961001157760620
-0.6369003057479858 0.1838000565767288 -0.2264001220464706
-0.6411003470420837 0.1316000372171402 -0.1961001157760620
-0.6461003422737122 0.0794000402092934 0.1935001015663147
-0.6415003538131714 0.1316000670194626 0.1633000820875168
-0.6411003470420837 0.1316000670194626 0.2238000780344009
-0.6461003422737122 0.0794000402092934 0.2540001273155212
-0.6411003470420837 0.1316000670194626 0.2238000780344009
-0.6415003538131714 0.1316000670194626 0.2842001616954803
-0.6411003470420837 0.1316000670194626 0.2238000780344009
-0.6369003057479858 0.1838000863790512 0.2540000975131989
-0.6411003470420837 0.1316000670194626 0.2238000780344009
-0.6369003057479858 0.1838000863790512 0.1935001015663147
-0.6369003057479858 0.1838000863790512 0.2540000975131989
-0.6411003470420837 0.1316000670194626 0.2238000780344009
-0.6411003470420837 0.1316000670194626 0.2238000780344009
0.6369003057479858 0.1838000565767288 -0.2264001220464706
0.6415003538131714 0.1316000372171402 -0.2566001415252686
0.6411003470420837 0.1316000372171402 -0.1961001157760620
0.6461003422737122 0.0794000402092934 -0.2264001220464706
0.6411003470420837 0.1316000372171402 -0.1961001157760620
-0.1664000898599625 0.2027001827955246 0.8979004621505737
-0.1978001147508621 0.1776001304388046 0.8677004575729370
-0.1807000935077667 0.2279001623392105 0.8500004410743713
0.1978001147508621 0.1776001304388046 0.8677004575729370
0.1664000898599625 0.2027001827955246 0.8979004621505737
0.1807000935077667 0.2279001623392105 0.8500004410743713
-0.1807000935077667 0.2279001623392105 0.8500004410743713
-0.1664000898599625 0.2530002295970917 0.8980004191398621
-0.1807000935077667 0.2279001623392105 0.8500004410743713
-0.1978001147508621 0.2782001793384552 0.8678004741668701
-0.1807000935077667 0.2279001623392105 0.8500004410743713
-0.2292001247406006 0.2531001567840576 0.8376004099845886
0.6369003057479858 0.1838000565767288 -0.1659001260995865
0.6411003470420837 0.1316000372171402 -0.1961001157760620
-0.1807000935077667 0.2279001623392105 0.8500004410743713
-0.2292001247406006 0.2028001546859741 0.8376004099845886
-0.1807000935077667 0.2279001623392105 0.8500004410743713
0.1807000935077667 0.2279001623392105 0.8500004410743713
0.1664000898599625 0.2530002295970917 0.8980004191398621
0.1807000935077667 0.2279001623392105 0.8500004410743713
0.1978001147508621 0.2782001793384552 0.8678004741668701
0.1807000935077667 0.2279001623392105 0.8500004410743713
0.2292001247406006 0.2531001567840576 0.8376004099845886
0.1807000935077667 0.2279001623392105 0.8500004410743713
0.2292001247406006 0.2028001546859741 0.8376004099845886
0.1807000935077667 0.2279001623392105 0.8500004410743713
-0.6369003057479858 0.1838000565767288 -0.1659001260995865
-0.6411003470420837 0.1316000372171402 -0.1961001157760620
0.6415003538131714 0.1316000670194626 -0.1357000768184662
0.6411003470420837 0.1316000372171402 -0.1961001157760620
0.6461003422737122 0.0794000402092934 -0.1659000962972641
0.6411003470420837 0.1316000372171402 -0.1961001157760620
0.6411003470420837 0.1316000372171402 -0.1961001157760620
-0.5780003070831299 0.1454001218080521 0.5098002552986145
-0.6180003285408020 0.3614001870155334 0.2142001092433929
-0.4649002254009247 0.2513001859188080 0.5625002980232239
-0.5093002915382385 0.4674002528190613 0.2669001221656799
-0.2882001399993896 0.3030001819133759 0.5737002491950989
-0.3326001763343811 0.5190002918243408 0.2781001031398773
-0.1820001751184464 1.1636571884155273 -1.0029073953628540
-0.1820001751184464 1.1636573076248169 -0.1439069211483002
0.1819000244140625 1.1636745929718018 -1.0029073953628540
0.1818999648094177 1.1636747121810913 -0.1439069211483002
-0.1819998621940613 1.0753717422485352 0.2314600050449371
-0.1819998621940613 1.0753717422485352 1.0904604196548462
0.1819002926349640 1.0753542184829712 0.2314600050449371
0.1819002926349640 1.0753543376922607 1.0904604196548462
-0.6287047266960144 -0.1904134601354599 -0.0209480114281178
-0.6287047266960144 -0.3179135322570801 -0.0209479704499245
-0.6287047266960144 -0.1904135048389435 -0.4202482104301453
-0.6287047266960144 -0.3179135620594025 -0.4202481806278229
-0.7183570861816406 -0.1904134601354599 0.3284395039081573
-0.7183570861816406 -0.3179135322570801 0.3284395337104797
-0.7183570861816406 -0.1904134601354599 -0.0708606392145157
-0.7183570861816406 -0.3179135322570801 -0.0708606392145157
0.3326001763343811 0.5190002918243408 0.2781001031398773
0.5093002915382385 0.4674002528190613 0.2669001221656799
0.2882001399993896 0.3030001819133759 0.5737002491950989
0.4649002254009247 0.2513001859188080 0.5625002980232239
-0.1333000659942627 -0.4214003086090088 -0.8686004877090454
-0.0063000032678246 -0.4215002655982971 -0.8610004186630249
-0.1258000731468201 -0.4263002872467041 -0.9954005479812622
0.0011000005761161 -0.4264003038406372 -0.9879005551338196
-0.1650000810623169 -0.3393002748489380 -0.9140005111694336
-0.2012001127004623 -0.4593003392219543 -0.9353004693984985
-0.0431000217795372 -0.3752002716064453 -0.9189004898071289
-0.0793000385165215 -0.4952003359794617 -0.9403004646301270
-0.2228001207113266 -0.3537002503871918 -0.8532004356384277
-0.1330000758171082 -0.4434003233909607 -0.8613004088401794
-0.2114001065492630 -0.3310002386569977 -0.9779005050659180
-0.1217000633478165 -0.4207003116607666 -0.9860005378723145
-0.2614001333713531 -0.3046002089977264 -0.8665004968643188
-0.2154001295566559 -0.4223003089427948 -0.8807004690170288
-0.1818000972270966 -0.2627002298831940 -0.9564005136489868
-0.1359000802040100 -0.3804003000259399 -0.9706004858016968
-0.2857001423835754 -0.2308001965284348 -0.9227004647254944
-0.2694001495838165 -0.3568002581596375 -0.9289004802703857
-0.1624000817537308 -0.2163002043962479 -0.8947004675865173
-0.1462000757455826 -0.3423002660274506 -0.9009004235267639
-0.2476001381874084 -0.1894001513719559 -0.8238003849983215
-0.2336001247167587 -0.3103002011775970 -0.8610004186630249
-0.2096001058816910 -0.1497001200914383 -0.9385004639625549
-0.1956000924110413 -0.2705002427101135 -0.9757004976272583
-0.2885001599788666 -0.1448001265525818 -0.8169003725051880
-0.2889001369476318 -0.2221001982688904 -0.9179005026817322
-0.1614000797271729 -0.1440001279115677 -0.8179004192352295
-0.1617000848054886 -0.2213001996278763 -0.9189004898071289
-0.1356000751256943 0.2871001958847046 0.8654004931449890
-0.2306001186370850 0.2817002236843109 0.9499005079269409
-0.1855000853538513 0.1881001293659210 0.8030003905296326
-0.2805001437664032 0.1827001720666885 0.8874004483222961
-0.3289001584053040 0.2100001573562622 0.8553004264831543
-0.2274001240730286 0.2866002023220062 0.8521004319190979
-0.2747001349925995 0.1422001570463181 0.9483004212379456
-0.1733000874519348 0.2189002037048340 0.9451004266738892
-0.2964001595973969 0.2443002164363861 0.9504005312919617
-0.3714002072811127 0.1445001661777496 0.9260004758834839
-0.2128001153469086 0.2027001827955246 0.8640004992485046
-0.2878001630306244 0.1029001325368881 0.8396004438400269
-0.3923002183437347 0.1490001231431961 0.8190004825592041
-0.3070001602172852 0.2212001681327820 0.8797004818916321
-0.3442001640796661 0.0453001037240028 0.8747004866600037
-0.2589001357555389 0.1175001412630081 0.9355004429817200
-0.3982002139091492 0.1173001453280449 0.9161005020141602
-0.4250002205371857 0.0565001107752323 0.8077003955841064
-0.2835001647472382 0.1480001211166382 0.8705004453659058
-0.3103001713752747 0.0871000885963440 0.7621003985404968
-0.4174002110958099 0.1581001281738281 0.7503004074096680
-0.3469001650810242 0.1458001583814621 0.8555004000663757
-0.3994002044200897 0.0350000597536564 0.7239003777503967
-0.3289001584053040 0.0227000936865807 0.8291004300117493
-0.3904002308845520 0.1214001104235649 0.6590003967285156
-0.3216001689434052 0.0775000825524330 0.7566003799438477
-0.4927002787590027 0.1285001039505005 0.7343003749847412
-0.4239002168178558 0.0845001265406609 0.8318004608154297
-0.4218002259731293 0.2238001674413681 0.6997004151344299
-0.3771001994609833 0.1356001198291779 0.7796003818511963
-0.4800002574920654 0.1331001073122025 0.6321003437042236
-0.4353002309799194 0.0449000634253025 0.7121003866195679
-0.4044001996517181 0.1971001476049423 0.5896003246307373
-0.3815001845359802 0.1136001050472260 0.6827003359794617
-0.5125002861022949 0.2316001653671265 0.6471003293991089
-0.4895002841949463 0.1480001211166382 0.7402003407478333
-0.4417002201080322 0.2973001897335052 0.6003002524375916
-0.4194002151489258 0.2218001931905746 0.7002003192901611
-0.4962002635002136 0.2001001536846161 0.5391002893447876
-0.4740002453327179 0.1246001049876213 0.6390002965927124
-0.4163002073764801 0.2557001709938049 0.5036002397537231
-0.4020002186298370 0.1827001422643661 0.6068003177642822
-0.5267002582550049 0.2989001870155334 0.5494002699851990
-0.5125002861022949 0.2259001582860947 0.6526003479957581
-0.0009000005084090 -0.4021002948284149 -0.9841004610061646
0.0061000036075711 -0.4458003044128418 -0.8648003935813904
0.1260000765323639 -0.4020003080368042 -0.9916005134582520
0.1331000775098801 -0.4457003176212311 -0.8724004626274109
0.0793000385165215 -0.4952003359794617 -0.9403004646301270
0.2012001127004623 -0.4593003392219543 -0.9353004693984985
0.0431000217795372 -0.3752002716064453 -0.9189004898071289
0.1650000810623169 -0.3393002748489380 -0.9140005111694336
0.1217000633478165 -0.4207003116607666 -0.9860005378723145
0.1330000758171082 -0.4434003233909607 -0.8613004088401794
0.2114001065492630 -0.3310002386569977 -0.9779005050659180
0.2228001207113266 -0.3537002503871918 -0.8532004356384277
0.1359000802040100 -0.3804003000259399 -0.9706004858016968
0.2154001295566559 -0.4223003089427948 -0.8807004690170288
0.1818000972270966 -0.2627002298831940 -0.9564005136489868
0.2614001333713531 -0.3046002089977264 -0.8665004968643188
0.1462000757455826 -0.3423002660274506 -0.9009004235267639
0.2694001495838165 -0.3568002581596375 -0.9289004802703857
0.1624000817537308 -0.2163002043962479 -0.8947004675865173
0.2857001423835754 -0.2308001965284348 -0.9227004647254944
0.1956000924110413 -0.2705002427101135 -0.9757004976272583
0.2336001247167587 -0.3103002011775970 -0.8610004186630249
0.2096001058816910 -0.1497001200914383 -0.9385004639625549
0.2476001381874084 -0.1894001513719559 -0.8238003849983215
0.1617000848054886 -0.2213001996278763 -0.9189004898071289
0.2889001369476318 -0.2221001982688904 -0.9179005026817322
0.1614000797271729 -0.1440001279115677 -0.8179004192352295
0.2885001599788666 -0.1448001265525818 -0.8169003725051880
0.2805001437664032 0.1827001720666885 0.8874004483222961
0.2306001186370850 0.2817002236843109 0.9499005079269409
0.1855000853538513 0.1881001293659210 0.8030003905296326
0.1356000751256943 0.2871001958847046 0.8654004931449890
0.1733000874519348 0.2189002037048340 0.9451004266738892
0.2274001240730286 0.2866002023220062 0.8521004319190979
0.2747001349925995 0.1422001570463181 0.9483004212379456
0.3289001584053040 0.2100001573562622 0.8553004264831543
0.2878001630306244 0.1029001325368881 0.8396004438400269
0.3714002072811127 0.1445001661777496 0.9260004758834839
0.2128001153469086 0.2027001827955246 0.8640004992485046
0.2964001595973969 0.2443002164363861 0.9504005312919617
0.2589001357555389 0.1175001412630081 0.9355004429817200
0.3070001602172852 0.2212001681327820 0.8797004818916321
0.3442001640796661 0.0453001037240028 0.8747004866600037
0.3923002183437347 0.1490001231431961 0.8190004825592041
0.3103001713752747 0.0871000885963440 0.7621003985404968
0.4250002205371857 0.0565001107752323 0.8077003955841064
0.2835001647472382 0.1480001211166382 0.8705004453659058
0.3982002139091492 0.1173001453280449 0.9161005020141602
0.3289001584053040 0.0227000936865807 0.8291004300117493
0.3469001650810242 0.1458001583814621 0.8555004000663757
0.3994002044200897 0.0350000597536564 0.7239003777503967
0.4174002110958099 0.1581001281738281 0.7503004074096680
0.4239002168178558 0.0845001265406609 0.8318004608154297
0.3216001689434052 0.0775000825524330 0.7566003799438477
0.4927002787590027 0.1285001039505005 0.7343003749847412
0.3904002308845520 0.1214001104235649 0.6590003967285156
0.4353002309799194 0.0449000634253025 0.7121003866195679
0.3771001994609833 0.1356001198291779 0.7796003818511963
0.4800002574920654 0.1331001073122025 0.6321003437042236
0.4218002259731293 0.2238001674413681 0.6997004151344299
0.4895002841949463 0.1480001211166382 0.7402003407478333
0.3815001845359802 0.1136001050472260 0.6827003359794617
0.5125002861022949 0.2316001653671265 0.6471003293991089
0.4044001996517181 0.1971001476049423 0.5896003246307373
0.4740002453327179 0.1246001049876213 0.6390002965927124
0.4194002151489258 0.2218001931905746 0.7002003192901611
0.4962002635002136 0.2001001536846161 0.5391002893447876
0.4417002201080322 0.2973001897335052 0.6003002524375916
0.5125002861022949 0.2259001582860947 0.6526003479957581
0.4020002186298370 0.1827001422643661 0.6068003177642822
0.5267002582550049 0.2989001870155334 0.5494002699851990
0.4163002073764801 0.2557001709938049 0.5036002397537231
0.5780003070831299 0.1454001218080521 0.5098002552986145
0.6180003285408020 0.3614001870155334 0.2142001092433929
-0.5492002964019775 0.3371001780033112 -0.1133000999689102
-0.0159000083804131 1.2705006599426270 0.0260999351739883
-0.5492002964019775 0.3371001780033112 0.0021999613381922
-0.0159000083804131 1.2705006599426270 0.0486999452114105
-0.5492002964019775 0.3371001780033112 0.1177000179886818
-0.0159000083804131 1.2705006599426270 0.0711999535560608
-0.5492002964019775 0.3371001780033112 0.2333001196384430
-0.0159000083804131 1.2705006599426270 0.0937999635934830
0.0159000083804131 1.2705006599426270 0.0937999635934830
0.0159000083804131 1.2705006599426270 0.0711999535560608
0.5492002964019775 0.3371001780033112 0.2333001196384430
0.5492002964019775 0.3371001780033112 0.1177000179886818
0.0159000083804131 1.2705006599426270 0.0260999351739883
0.5492002964019775 0.3371001780033112 -0.1133000999689102
0.0159000083804131 1.2705006599426270 0.0486999452114105
0.5492002964019775 0.3371001780033112 0.0021999613381922
-0.4246002137660980 0.3814002275466919 0.5662002563476562
-0.0400000214576721 1.0147006511688232 0.6390002965927124
-0.3885001838207245 0.3858002126216888 0.6646003723144531
-0.0412000194191933 1.0185005664825439 0.6565002799034119
-0.3525002002716064 0.3902002871036530 0.7629004120826721
-0.0424000211060047 1.0223006010055542 0.6739003062248230
0.0424000211060047 1.0223006010055542 0.6739003062248230
0.0412000194191933 1.0185005664825439 0.6565002799034119
0.3525002002716064 0.3902002871036530 0.7629004120826721
0.3885001838207245 0.3858002126216888 0.6646003723144531
0.0400000214576721 1.0147006511688232 0.6390002965927124
0.4246002137660980 0.3814002275466919 0.5662002563476562
0.3885001838207245 0.3858002126216888 0.6646003723144531
0.2443001270294189 0.8270003199577332 -1.1491006612777710
0.0000000000000000 0.8837003707885742 -1.1718007326126099
0.2616001367568970 0.7430002689361572 -1.1165006160736084
0.0000000000000000 0.7525003552436829 -1.1200007200241089
-0.3185001611709595 0.7426003217697144 -0.5710003376007080
-0.2616001367568970 0.7430002689361572 -1.1165006160736084
-0.3048001527786255 0.8270003199577332 -0.5714004039764404
-0.2443001270294189 0.8270003199577332 -1.1491006612777710
0.3185001611709595 0.7426003217697144 -0.5710003376007080
0.3048001527786255 0.8270003199577332 -0.5714004039764404
0.0000000000000000 0.7525003552436829 -1.1200007200241089
-0.2616001367568970 0.7430002689361572 -1.1165006160736084
0.0692000389099121 1.1264007091522217 0.6104001998901367
0.0855000466108322 1.1264007091522217 0.6607002615928650
0.1104000583291054 1.2243007421493530 0.5805002450942993
0.1364000737667084 1.2243007421493530 0.6607002615928650
0.0692000389099121 1.1264007091522217 0.7109002470970154
0.1104000583291054 1.2243007421493530 0.7408003211021423
0.0265000145882368 1.1264007091522217 0.7419002652168274
0.0422000214457512 1.2243007421493530 0.7904003858566284
-0.0262000132352114 1.1264007091522217 0.7419002652168274
-0.0420000217854977 1.2243007421493530 0.7904003858566284
-0.0690000355243683 1.1264007091522217 0.7109002470970154
-0.1102000623941422 1.2243007421493530 0.7408003211021423
-0.0853000432252884 1.1264007091522217 0.6607002615928650
-0.1362000703811646 1.2243007421493530 0.6607002615928650
-0.0690000355243683 1.1264007091522217 0.6104001998901367
-0.1102000623941422 1.2243007421493530 0.5805002450942993
-0.0262000132352114 1.1264007091522217 0.5794002413749695
-0.0420000217854977 1.2243007421493530 0.5310001969337463
0.0265000145882368 1.1264007091522217 0.5794002413749695
0.0422000214457512 1.2243007421493530 0.5310001969337463
0.0692000389099121 1.3704006671905518 0.0095998849719763
0.0855000466108322 1.3704006671905518 0.0597999133169651
0.1104000583291054 1.4683008193969727 -0.0203001294285059
0.1364000737667084 1.4683008193969727 0.0597999133169651
0.0692000389099121 1.3704006671905518 0.1099999323487282
0.1104000583291054 1.4683008193969727 0.1398999541997910
0.0265000145882368 1.3704006671905518 0.1409999579191208
0.0422000214457512 1.4683008193969727 0.1894999742507935
-0.0262000132352114 1.3704006671905518 0.1409999579191208
-0.0420000217854977 1.4683008193969727 0.1894999742507935
-0.0690000355243683 1.3704006671905518 0.1099999323487282
-0.1102000623941422 1.4683008193969727 0.1398999541997910
-0.0853000432252884 1.3704006671905518 0.0597999133169651
-0.1362000703811646 1.4683008193969727 0.0597999133169651
-0.0690000355243683 1.3704006671905518 0.0095998849719763
-0.1102000623941422 1.4683008193969727 -0.0203001294285059
-0.0262000132352114 1.3704006671905518 -0.0214001312851906
-0.0420000217854977 1.4683008193969727 -0.0698001533746719
0.0265000145882368 1.3704006671905518 -0.0214001312851906
0.0422000214457512 1.4683008193969727 -0.0698001533746719
0.0692000389099121 1.2199006080627441 -0.6193004250526428
0.0855000466108322 1.2199006080627441 -0.5691003799438477
0.1104000583291054 1.3178006410598755 -0.6493004560470581
0.1364000737667084 1.3178006410598755 -0.5691004395484924
0.0692000389099121 1.2199006080627441 -0.5189003348350525
0.1104000583291054 1.3178006410598755 -0.4890003502368927
0.0265000145882368 1.2199006080627441 -0.4879003167152405
0.0422000214457512 1.3178006410598755 -0.4394003748893738
-0.0262000132352114 1.2199006080627441 -0.4879003167152405
-0.0420000217854977 1.3178006410598755 -0.4394003748893738
-0.0690000355243683 1.2199006080627441 -0.5189003348350525
-0.1102000623941422 1.3178006410598755 -0.4890003502368927
-0.0853000432252884 1.2199006080627441 -0.5691003799438477
-0.1362000703811646 1.3178006410598755 -0.5691004395484924
-0.0690000355243683 1.2199006080627441 -0.6193004250526428
-0.1102000623941422 1.3178006410598755 -0.6493004560470581
-0.0262000132352114 1.2199006080627441 -0.6504004597663879
-0.0420000217854977 1.3178006410598755 -0.6988004446029663
0.0265000145882368 1.2199006080627441 -0.6504004597663879
0.0422000214457512 1.3178006410598755 -0.6988004446029663
-0.1820000708103180 1.3109720945358276 -0.3678744137287140
-0.1820000708103180 1.3109720945358276 0.4911260306835175
0.1819001436233521 1.3109894990921021 -0.3678744137287140
0.1819001436233521 1.3109894990921021 0.4911260306835175
-0.5926857590675354 -0.1904134303331375 0.6756004691123962
-0.5926857590675354 -0.3179135024547577 0.6756004691123962
-0.5926857590675354 -0.1904134601354599 0.2763003408908844
-0.5926857590675354 -0.3179135322570801 0.2763003408908844
0.6293462514877319 -0.3179135620594025 -0.4202481806278229
0.6293462514877319 -0.3179135322570801 -0.0209479704499245
0.6293462514877319 -0.1904135048389435 -0.4202482104301453
0.6293462514877319 -0.1904134601354599 -0.0209480114281178
0.7184234857559204 -0.3179135322570801 -0.0708050802350044
0.7184234857559204 -0.3179135322570801 0.3283951282501221
0.7184234857559204 -0.1904134601354599 -0.0708050802350044
0.7184234857559204 -0.1904134601354599 0.3283950984477997
0.5926349759101868 -0.3179135322570801 0.2763577699661255
0.5926349759101868 -0.3179135024547577 0.6755579710006714
0.5926349759101868 -0.1904134601354599 0.2763577699661255
0.5926349759101868 -0.1904134303331375 0.6755579710006714
-0.3951002061367035 0.3016001284122467 -0.3577002286911011
0.0000000000000000 0.3134001791477203 -0.3577002286911011
-0.4171002209186554 0.3164001107215881 -0.2025001049041748
0.0000000000000000 0.3360001742839813 -0.2025001049041748
-0.4143002331256866 0.3316001892089844 0.0599999949336052
0.0000000000000000 0.3513002097606659 0.0599999949336052
-0.4086002111434937 0.3259002268314362 0.3300001323223114
0.0000000000000000 0.3456001877784729 0.3300001323223114
-0.3622001707553864 0.3016001880168915 0.5145002007484436
0.0000000000000000 0.3134002089500427 0.5145002007484436
-0.4416002333164215 0.3642001748085022 0.5669002532958984
-0.4439002275466919 0.3063002228736877 0.5265002250671387
-0.4542002379894257 0.3573002219200134 0.5811002254486084
-0.4657002389431000 0.2944002151489258 0.5512002706527710
-0.4696002304553986 0.3668002486228943 0.5721002817153931
-0.4923002719879150 0.3108001947402954 0.5356002449989319
-0.4570002555847168 0.3737002313137054 0.5578002333641052
-0.4706002175807953 0.3227002024650574 0.5109002590179443
0.4416002333164215 0.3642001748085022 0.5669002532958984
0.4439002275466919 0.3063002228736877 0.5265002250671387
0.4570002555847168 0.3737002313137054 0.5578002333641052
0.4706002175807953 0.3227002024650574 0.5109002590179443
0.4696002304553986 0.3668002486228943 0.5721002817153931
0.4923002719879150 0.3108001947402954 0.5356002449989319
0.4542002379894257 0.3573002219200134 0.5811002254486084
0.4657002389431000 0.2944002151489258 0.5512002706527710
-0.3263001739978790 0.3491001129150391 -0.9594004750251770
-0.3550001978874207 0.2632000744342804 -0.8433004617691040
0.0000000000000000 0.3491001129150391 -0.9594004750251770
0.0000000000000000 0.2632000744342804 -0.8433004617691040
0.3263001739978790 0.3491001129150391 -0.9594004750251770
0.3550001978874207 0.2632000744342804 -0.8433004617691040
-0.4541002511978149 0.2597001791000366 0.4951002001762390
-0.4808002710342407 0.2761001884937286 0.4794002175331116
-0.4769002497196198 0.2037001550197601 0.4586002528667450
-0.4923002719879150 0.2132001519203186 0.4495002627372742
-0.5026002526283264 0.2642001807689667 0.5041002035140991
-0.5049002766609192 0.2063001543283463 0.4638002216815948
-0.4759002625942230 0.2478001713752747 0.5198002457618713
-0.4895002841949463 0.1969001442193985 0.4728002548217773
0.4541002511978149 0.2597001791000366 0.4951002001762390
0.4759002625942230 0.2478001713752747 0.5198002457618713
0.4895002841949463 0.1969001442193985 0.4728002548217773
0.5049002766609192 0.2063001543283463 0.4638002216815948
0.5026002526283264 0.2642001807689667 0.5041002035140991
0.4923002719879150 0.2132001519203186 0.4495002627372742
0.4808002710342407 0.2761001884937286 0.4794002175331116
0.4769002497196198 0.2037001550197601 0.4586002528667450
-0.2888001501560211 0.7366002798080444 -0.6326003670692444
0.0000000000000000 0.7546003460884094 -1.1078006029129028
0.0000000000000000 0.7516002655029297 -0.6327003836631775
0.2377001345157623 0.7426003217697144 -1.1036006212234497
0.2888001501560211 0.7366002798080444 -0.6326003670692444
0.2446001172065735 0.7426003217697144 -1.0956006050109863
0.0000000000000000 0.1520000398159027 -0.8044003844261169
0.3921002149581909 0.1520000398159027 -0.8044003844261169
0.0000000000000000 0.0756999626755714 -0.7970004081726074
0.4084002077579498 0.0756999626755714 -0.7970004081726074
0.4165002107620239 0.0169999282807112 -0.7970004081726074
0.3951002061367035 0.3016001284122467 -0.3577002286911011
0.4171002209186554 0.3164001107215881 -0.2025001049041748
0.4143002331256866 0.3316001892089844 0.0599999949336052
0.4086002111434937 0.3259002268314362 0.3300001323223114
-0.3921002149581909 0.1520000398159027 -0.8044003844261169
-0.4084002077579498 0.0756999626755714 -0.7970004081726074
-0.4165002107620239 0.0169999282807112 -0.7970004081726074
0.4542002379894257 0.3573002219200134 0.5811002254486084
0.4416002333164215 0.3642001748085022 0.5669002532958984
0.4696002304553986 0.3668002486228943 0.5721002817153931
0.4570002555847168 0.3737002313137054 0.5578002333641052
-0.4923002719879150 0.2132001519203186 0.4495002627372742
-0.5049002766609192 0.2063001543283463 0.4638002216815948
-0.4769002497196198 0.2037001550197601 0.4586002528667450
-0.4895002841949463 0.1969001442193985 0.4728002548217773
-0.4542002379894257 0.3573002219200134 0.5811002254486084
-0.4696002304553986 0.3668002486228943 0.5721002817153931
-0.4416002333164215 0.3642001748085022 0.5669002532958984
-0.4570002555847168 0.3737002313137054 0.5578002333641052
0.4923002719879150 0.2132001519203186 0.4495002627372742
0.4769002497196198 0.2037001550197601 0.4586002528667450
0.5049002766609192 0.2063001543283463 0.4638002216815948
0.4895002841949463 0.1969001442193985 0.4728002548217773
0.3623001873493195 0.3016001880168915 0.5145002007484436
-0.3462001681327820 0.5078002214431763 -0.6325003504753113
0.0000000000000000 0.5258002281188965 -0.6325003504753113
-0.3726001977920532 0.5078002214431763 -0.3577002286911011
0.0000000000000000 0.5258002281188965 -0.3577002286911011
-0.2888001501560211 0.7366002798080444 -0.6326003670692444
0.0000000000000000 0.7516002655029297 -0.6327003836631775
-0.3462001681327820 0.5078002214431763 -0.6325003504753113
0.0000000000000000 0.5258002281188965 -0.6325003504753113
0.0000000000000000 0.5258002281188965 -0.3577002286911011
0.3726001977920532 0.5078002214431763 -0.3577002286911011
0.0000000000000000 0.3134001791477203 -0.3577002286911011
0.3951002061367035 0.3016001284122467 -0.3577002286911011
0.2888001501560211 0.7366002798080444 -0.6326003670692444
0.3462001681327820 0.5078002214431763 -0.6325003504753113
-0.3726001977920532 0.5078002214431763 -0.3577002286911011
-0.3951002061367035 0.3016001284122467 -0.3577002286911011
0.3462001681327820 0.5078002214431763 -0.6325003504753113
0.3726001977920532 0.5078002214431763 -0.3577002286911011
-0.2377001345157623 0.7426003217697144 -1.1036006212234497
-0.2446001172065735 0.7426003217697144 -1.0956006050109863
0.0000000000000000 0.0169999282807112 -0.7970004081726074
0.0336000174283981 -0.5179003477096558 -0.7970003485679626
-0.0336000174283981 -0.5179003477096558 -0.7970003485679626
0.0336000174283981 -0.5179002881050110 -0.5551002621650696
-0.0336000174283981 -0.5179002881050110 -0.5551002621650696
0.0336000174283981 -0.5179002881050110 -0.2927001118659973
-0.0336000174283981 -0.5179002881050110 -0.2927001118659973
0.0336000174283981 -0.5187002420425415 -0.0796000063419342
-0.0336000174283981 -0.5187002420425415 -0.0796000063419342
0.0336000174283981 -0.5183002948760986 0.1333001106977463
-0.0336000174283981 -0.5183002948760986 0.1333001106977463
0.0336000174283981 -0.4922001957893372 0.3358002007007599
-0.0336000174283981 -0.4922001957893372 0.3358002007007599
0.0336000174283981 -0.4349002242088318 0.5285003185272217
-0.0336000174283981 -0.4349002242088318 0.5285003185272217
0.0336000174283981 -0.3587001562118530 0.6858003735542297
-0.0336000174283981 -0.3587001562118530 0.6858003735542297
0.0336000174283981 -0.2725000977516174 0.8088003993034363
-0.0336000174283981 -0.2725000977516174 0.8088003993034363
0.0336000174283981 -0.1498000025749207 0.9107005000114441
-0.0336000174283981 -0.1498000025749207 0.9107005000114441
0.0336000174283981 -0.0112999258562922 0.9758004546165466
-0.0336000174283981 -0.0112999258562922 0.9758004546165466
0.0336000174283981 0.1475001573562622 1.0098005533218384
-0.0336000174283981 0.1475001573562622 1.0098005533218384
0.0336000174283981 0.2228002101182938 1.0241005420684814
-0.0336000174283981 0.2228002101182938 1.0241005420684814
-0.0336000174283981 0.3043002486228943 1.0775005817413330
-0.0336000174283981 0.3633002638816833 0.9553005099296570
-0.0336000174283981 0.2228002101182938 1.0241005420684814
-0.0336000174283981 0.1475001573562622 0.9467005133628845
-0.0336000174283981 0.1475001573562622 1.0098005533218384
-0.0336000174283981 0.0052000829018652 0.9185004830360413
-0.0336000174283981 -0.0112999258562922 0.9758004546165466
-0.0336000174283981 -0.1239999830722809 0.8674004673957825
-0.0336000174283981 -0.1498000025749207 0.9107005000114441
-0.0336000174283981 -0.2235000878572464 0.7679004073143005
-0.0336000174283981 -0.2725000977516174 0.8088003993034363
-0.0336000174283981 -0.3033001124858856 0.6532003283500671
-0.0336000174283981 -0.3587001562118530 0.6858003735542297
-0.0336000174283981 -0.3740001320838928 0.5096002817153931
-0.0336000174283981 -0.4349002242088318 0.5285003185272217
-0.0336000174283981 -0.4287001788616180 0.3358002007007599
-0.0336000174283981 -0.4922001957893372 0.3358002007007599
-0.0336000174283981 -0.4543002545833588 0.1333001106977463
-0.0336000174283981 -0.5183002948760986 0.1333001106977463
-0.0336000174283981 -0.4501002132892609 -0.0796000063419342
-0.0336000174283981 -0.5187002420425415 -0.0796000063419342
-0.0336000174283981 -0.4356002509593964 -0.2927001118659973
-0.0336000174283981 -0.5179002881050110 -0.2927001118659973
-0.0336000174283981 -0.3864002525806427 -0.5546002388000488
-0.0336000174283981 -0.5179002881050110 -0.5551002621650696
-0.0336000174283981 -0.5179003477096558 -0.7970003485679626
0.0336000174283981 -0.3864002525806427 -0.5546002388000488
0.0336000174283981 -0.5179002881050110 -0.5551002621650696
0.0336000174283981 -0.4356002509593964 -0.2927001118659973
0.0336000174283981 -0.5179002881050110 -0.2927001118659973
0.0336000174283981 -0.4501002132892609 -0.0796000063419342
0.0336000174283981 -0.5187002420425415 -0.0796000063419342
0.0336000174283981 -0.4543002545833588 0.1333001106977463
0.0336000174283981 -0.5183002948760986 0.1333001106977463
0.0336000174283981 -0.4287001788616180 0.3358002007007599
0.0336000174283981 -0.4922001957893372 0.3358002007007599
0.0336000174283981 -0.3740001320838928 0.5096002817153931
0.0336000174283981 -0.4349002242088318 0.5285003185272217
0.0336000174283981 -0.3033001124858856 0.6532003283500671
0.0336000174283981 -0.3587001562118530 0.6858003735542297
0.0336000174283981 -0.2235000878572464 0.7679004073143005
0.0336000174283981 -0.2725000977516174 0.8088003993034363
0.0336000174283981 -0.1239999830722809 0.8674004673957825
0.0336000174283981 -0.1498000025749207 0.9107005000114441
0.0336000174283981 0.0052000829018652 0.9185004830360413
0.0336000174283981 -0.0112999258562922 0.9758004546165466
0.0336000174283981 0.1475001573562622 0.9467005133628845
0.0336000174283981 0.1475001573562622 1.0098005533218384
0.0336000174283981 0.3633002638816833 0.9553005099296570
-0.4881002306938171 0.3044001758098602 0.3306001126766205
-0.4574002325534821 0.3749002218246460 0.3306001126766205
-0.4569002389907837 0.3511002361774445 0.3658001422882080
-0.4097001850605011 0.4082002639770508 0.4239001870155334
-0.4167002141475677 0.3839002251625061 0.4433001875877380
-0.2951001524925232 0.5552003383636475 0.5145002007484436
-0.3070001602172852 0.5217002630233765 0.5365002155303955
-0.1524000763893127 0.5552003979682922 0.8901003599166870
-0.1803001016378403 0.5217003226280212 0.8714003562927246
-0.1739000827074051 0.4533002972602844 0.9781004786491394
-0.1945001184940338 0.4224002957344055 0.9733004570007324
-0.1060000583529472 0.3974003195762634 1.2876006364822388
0.1946000903844833 0.4224002957344055 0.9733004570007324
0.1525000780820847 0.5552003979682922 0.8901003599166870
0.1804001033306122 0.5217003226280212 0.8714003562927246
0.2952001690864563 0.5552003383636475 0.5145002007484436
0.3071001470088959 0.5217002630233765 0.5365002155303955
0.4099001884460449 0.4082002639770508 0.4239001870155334
0.4169002175331116 0.3839002251625061 0.4433001875877380
0.4576002359390259 0.3749002218246460 0.3306001126766205
0.4571002423763275 0.3511002361774445 0.3658001422882080
0.4883002936840057 0.3044001758098602 0.3306001126766205
0.4665002226829529 0.3302002251148224 0.3658001422882080
0.4219002127647400 0.3302002251148224 0.5145002007484436
0.4348002374172211 0.3044002056121826 0.5145002007484436
0.3781001865863800 0.3044002056121826 0.6907003521919250
0.3642001748085022 0.3302002251148224 0.6907003521919250
0.2961001694202423 0.3044002354145050 0.8901004195213318
0.2838001549243927 0.3302002549171448 0.8901004195213318
0.0952000543475151 0.3044002354145050 1.3230007886886597
0.1085000634193420 0.3302002847194672 1.2876006364822388
0.1060000583529472 0.3974003195762634 1.2876006364822388
0.0000000000000000 -0.3316002488136292 -0.7970004081726074
0.1917001008987427 -0.3159002065658569 -0.7970004081726074
-0.1917001008987427 -0.3159002065658569 -0.7970004081726074
0.3638001978397369 -0.2430001646280289 -0.7970004081726074
-0.3638001978397369 -0.2430001646280289 -0.7970004081726074
0.4247002005577087 -0.1022000983357430 -0.7970004081726074
-0.4247002005577087 -0.1022000983357430 -0.7970004081726074
0.0000000000000000 0.0169999282807112 -0.7970004081726074
-0.4165002107620239 0.0169999282807112 -0.7970004081726074
-0.2951001524925232 0.4082002639770508 0.5145002007484436
0.0000000000000000 0.3134002089500427 0.5145002007484436
0.0000000000000000 0.4082002639770508 0.5145002007484436
0.2952001690864563 0.3134002089500427 0.5145002007484436
0.2952001690864563 0.4082002639770508 0.5145002007484436
0.4099001884460449 0.3044002056121826 0.4239001870155334
0.4099001884460449 0.4082002639770508 0.4239001870155334
-0.0195000115782022 2.0660009384155273 0.0598998740315437
-0.0615000352263451 0.3132001757621765 0.0598999932408333
-0.0097000058740377 2.0660009384155273 0.0429998636245728
-0.0307000149041414 0.3132001757621765 0.0066999639384449
0.0097000058740377 2.0660009384155273 0.0429998636245728
0.0307000149041414 0.3132001757621765 0.0066999639384449
0.0615000352263451 0.3132001757621765 0.0598999932408333
0.3892001807689667 0.3895002603530884 0.5022001862525940
0.3892001807689667 0.3756002187728882 0.5022001862525940
0.4379002451896667 0.3895002603530884 0.5570002198219299
0.4379002451896667 0.3756002187728882 0.5570002198219299
0.3540001809597015 0.3895002901554108 0.7889004349708557
0.3540001809597015 0.3756002485752106 0.7889004349708557
0.2813001573085785 0.3756002485752106 0.7998003959655762
-0.0156000079587102 0.6221004724502563 1.7717009782791138
-0.0492000281810760 0.4551002681255341 0.8244003653526306
-0.0078000039793551 0.6355004906654358 1.7693008184432983
-0.0246000140905380 0.4971003234386444 0.8170003890991211
0.0078000039793551 0.6355004906654358 1.7693008184432983
0.0246000140905380 0.4971003234386444 0.8170003890991211
0.0492000281810760 0.4551002681255341 0.8244003653526306
-0.4574002325534821 0.3749002218246460 0.3306001126766205
-0.4574002325534821 0.3044001758098602 0.3306001126766205
-0.4097001850605011 0.4082002639770508 0.4239001870155334
-0.4097001850605011 0.3044002056121826 0.4239001870155334
-0.2951001524925232 0.3134002089500427 0.5145002007484436
-0.0156000079587102 1.6462007761001587 0.6599001884460449
-0.0492000281810760 0.5444003343582153 0.6600002646446228
-0.0078000039793551 1.6462007761001587 0.6464002132415771
-0.0246000140905380 0.5444003343582153 0.6173002719879150
0.0078000039793551 1.6462007761001587 0.6464002132415771
0.0246000140905380 0.5444003343582153 0.6173002719879150
0.0492000281810760 0.5444003343582153 0.6600002646446228
-0.4121002256870270 0.3259001672267914 -0.2051001489162445
-0.4121002256870270 0.3491001725196838 -0.2051001489162445
-0.5079002380371094 0.3259001672267914 -0.1820001006126404
-0.5079002380371094 0.3491001725196838 -0.1820001006126404
-0.5658003091812134 0.3259001672267914 -0.1096000969409943
-0.5658003091812134 0.3491001725196838 -0.1096000969409943
-0.5658003091812134 0.3491001725196838 0.2296000719070435
-0.0136000076308846 1.7516009807586670 -0.5693004131317139
-0.0430000238120556 0.5258002281188965 -0.5693003535270691
-0.0068000038154423 1.7516009807586670 -0.5811004042625427
-0.0215000119060278 0.5258002281188965 -0.6065003275871277
0.0068000038154423 1.7516009807586670 -0.5811004042625427
0.0215000119060278 0.5258002281188965 -0.6065003275871277
0.0430000238120556 0.5258002281188965 -0.5693003535270691
0.5658003091812134 0.3259001672267914 -0.1096000969409943
0.5658003091812134 0.3259001672267914 0.2296000719070435
0.5658003091812134 0.3491001725196838 0.2296000719070435
0.5079002380371094 0.3259002268314362 0.3020001351833344
0.5079002380371094 0.3491002321243286 0.3020001351833344
0.4061002135276794 0.3491002321243286 0.3251001238822937
0.0242000129073858 -0.1347001492977142 -1.0685005187988281
0.0336000174283981 -0.1350001096725464 -0.8150004148483276
0.0336000174283981 -0.1350001096725464 -0.8150004148483276
-0.0336000174283981 -0.1350001096725464 -0.8150004148483276
-0.0336000174283981 -0.1350001096725464 -0.8150004148483276
-0.0242000129073858 -0.1347001492977142 -1.0685005187988281
-0.5658003091812134 0.3259001672267914 0.2296000719070435
-0.5079002380371094 0.3491002321243286 0.3020001351833344
-0.5079002380371094 0.3259002268314362 0.3020001351833344
-0.4061002135276794 0.3259002268314362 0.3251001238822937
-0.0078000039793551 1.6462007761001587 0.6735001802444458
-0.0156000079587102 1.6462007761001587 0.6599001884460449
0.0078000039793551 1.6462007761001587 0.6735001802444458
-0.0078000039793551 1.6462007761001587 0.6464002132415771
0.0156000079587102 1.6462007761001587 0.6599001884460449
0.0078000039793551 1.6462007761001587 0.6464002132415771
-0.0078000039793551 0.6088004708290100 1.7740008831024170
-0.0156000079587102 0.6221004724502563 1.7717009782791138
0.0078000039793551 0.6088004708290100 1.7740008831024170
-0.0078000039793551 0.6355004906654358 1.7693008184432983
0.0156000079587102 0.6221004724502563 1.7717009782791138
0.0078000039793551 0.6355004906654358 1.7693008184432983
-0.0336000174283981 -0.1350001096725464 -0.8150004148483276
0.0336000174283981 -0.1350001096725464 -0.8150004148483276
-0.0336000174283981 -0.5179003477096558 -0.8150003552436829
0.0336000174283981 -0.5179003477096558 -0.8150003552436829
-0.0255000125616789 -0.5179003477096558 -1.0200004577636719
0.0255000125616789 -0.5179003477096558 -1.0200004577636719
-0.0068000038154423 1.7516009807586670 -0.5574004054069519
-0.0136000076308846 1.7516009807586670 -0.5693004131317139
0.0068000038154423 1.7516009807586670 -0.5574004054069519
-0.0068000038154423 1.7516009807586670 -0.5811004042625427
0.0136000076308846 1.7516009807586670 -0.5693004131317139
0.0068000038154423 1.7516009807586670 -0.5811004042625427
0.1740000844001770 0.4533002972602844 0.9781004786491394
0.0952000543475151 0.4292003214359283 1.3230007886886597
-0.0097000058740377 2.0660009384155273 0.0768998786807060
-0.0195000115782022 2.0660009384155273 0.0598998740315437
0.0097000058740377 2.0660009384155273 0.0768998786807060
-0.0097000058740377 2.0660009384155273 0.0429998636245728
0.0195000115782022 2.0660009384155273 0.0598998740315437
0.0097000058740377 2.0660009384155273 0.0429998636245728
-0.2951001524925232 0.5552003383636475 0.5145002007484436
0.0000000000000000 0.5679003000259399 0.5145002007484436
0.2952001690864563 0.5552003383636475 0.5145002007484436
-0.3779002130031586 0.3044002056121826 0.6907003521919250
-0.4347002208232880 0.3044002056121826 0.5145002007484436
-0.4218002259731293 0.3302002251148224 0.5145002007484436
-0.4663002192974091 0.3302002251148224 0.3658001422882080
-0.0951000526547432 0.4292003214359283 1.3230007886886597
-0.0951000526547432 0.3044002354145050 1.3230007886886597
-0.1085000634193420 0.3302002847194672 1.2876006364822388
-0.2837001681327820 0.3302002549171448 0.8901004195213318
-0.4061002135276794 0.3259002268314362 0.3251001238822937
-0.4121002256870270 0.3259001672267914 -0.2051001489162445
-0.5079002380371094 0.3259002268314362 0.3020001351833344
-0.5079002380371094 0.3259001672267914 -0.1820001006126404
-0.5658003091812134 0.3259001672267914 0.2296000719070435
-0.5658003091812134 0.3259001672267914 -0.1096000969409943
0.4121002256870270 0.3259001672267914 -0.2051001489162445
0.4061002135276794 0.3259002268314362 0.3251001238822937
0.5079002380371094 0.3259001672267914 -0.1820001006126404
0.5079002380371094 0.3259002268314362 0.3020001351833344
0.5658003091812134 0.3259001672267914 -0.1096000969409943
0.5658003091812134 0.3259001672267914 0.2296000719070435
-0.3070001602172852 0.5217002630233765 0.5365002155303955
-0.1803001016378403 0.5217003226280212 0.8714003562927246
-0.3640001714229584 0.3302002251148224 0.6907003521919250
-0.2959001660346985 0.3044002354145050 0.8901004195213318
0.0242000129073858 -0.1347001492977142 -1.0685005187988281
0.0336000174283981 -0.1350001096725464 -0.8150004148483276
0.0318000167608261 -0.0682001113891602 -0.9002004265785217
0.0336000174283981 0.0159999281167984 -0.8150004148483276
0.0336000174283981 0.0159999281167984 -0.8556004166603088
-0.0246000140905380 0.4131002724170685 0.8318004608154297
-0.0078000039793551 0.6088004708290100 1.7740008831024170
0.0246000140905380 0.4131002724170685 0.8318004608154297
0.0078000039793551 0.6088004708290100 1.7740008831024170
0.0156000079587102 0.6221004724502563 1.7717009782791138
-0.2959001660346985 0.3044002354145050 0.8901004195213318
-0.0951000526547432 0.3044002354145050 1.3230007886886597
0.0000000000000000 0.3044002354145050 0.8901004195213318
0.0952000543475151 0.3044002354145050 1.3230007886886597
0.2961001694202423 0.3044002354145050 0.8901004195213318
-0.0336000174283981 0.3633002638816833 1.1656006574630737
-0.0336000174283981 0.3235002458095551 1.1656006574630737
-0.0336000174283981 0.3043002486228943 1.0775005817413330
0.0855000466108322 1.3704006671905518 0.0597999133169651
0.0692000389099121 1.3704006671905518 0.0095998849719763
0.0001000000484055 1.3704006671905518 0.0597999133169651
0.0265000145882368 1.3704006671905518 -0.0214001312851906
-0.0262000132352114 1.3704006671905518 -0.0214001312851906
0.5658003091812134 0.3491001725196838 -0.1096000969409943
0.5658003091812134 0.3491001725196838 0.2296000719070435
0.5079002380371094 0.3491001725196838 -0.1820001006126404
0.5079002380371094 0.3491002321243286 0.3020001351833344
0.4061002135276794 0.3491002321243286 0.3251001238822937
-0.0307000149041414 0.3132001757621765 0.1132000163197517
-0.0097000058740377 2.0660009384155273 0.0768998786807060
0.0307000149041414 0.3132001757621765 0.1132000163197517
0.0097000058740377 2.0660009384155273 0.0768998786807060
0.0195000115782022 2.0660009384155273 0.0598998740315437
-0.2813001573085785 0.3895002901554108 0.7998003959655762
-0.2813001573085785 0.3756002485752106 0.7998003959655762
-0.3540001809597015 0.3895002901554108 0.7889004349708557
-0.3540001809597015 0.3756002485752106 0.7889004349708557
-0.4379002451896667 0.3756002187728882 0.5570002198219299
0.1525000780820847 0.5552003979682922 0.8901003599166870
0.1740000844001770 0.4533002972602844 0.9781004786491394
0.0000000000000000 0.5622003674507141 0.8901003599166870
0.0000000000000000 0.4533002972602844 0.9781004786491394
-0.1739000827074051 0.4533002972602844 0.9781004786491394
0.0855000466108322 1.1264007091522217 0.6607002615928650
0.0692000389099121 1.1264007091522217 0.6104001998901367
0.0001000000484055 1.1264007091522217 0.6607002615928650
0.0265000145882368 1.1264007091522217 0.5794002413749695
-0.0262000132352114 1.1264007091522217 0.5794002413749695
-0.1060000583529472 0.3974003195762634 1.2876006364822388
-0.1085000634193420 0.3302002847194672 1.2876006364822388
-0.1945001184940338 0.4224002957344055 0.9733004570007324
-0.2837001681327820 0.3302002549171448 0.8901004195213318
0.1525000780820847 0.5552003979682922 0.8901003599166870
0.0000000000000000 0.5679003000259399 0.5145002007484436
0.0000000000000000 0.5622003674507141 0.8901003599166870
-0.1524000763893127 0.5552003979682922 0.8901003599166870
-0.0242000129073858 -0.1347001492977142 -1.0685005187988281
0.0242000129073858 -0.1347001492977142 -1.0685005187988281
-0.0318000167608261 -0.0682001113891602 -0.9002004265785217
0.0318000167608261 -0.0682001113891602 -0.9002004265785217
0.0336000174283981 0.0159999281167984 -0.8556004166603088
-0.0246000140905380 0.5444003343582153 0.7026003003120422
-0.0078000039793551 1.6462007761001587 0.6735001802444458
0.0246000140905380 0.5444003343582153 0.7026003003120422
0.0078000039793551 1.6462007761001587 0.6735001802444458
0.0156000079587102 1.6462007761001587 0.6599001884460449
0.4121002256870270 0.3491001725196838 -0.2051001489162445
0.4121002256870270 0.3259001672267914 -0.2051001489162445
0.5079002380371094 0.3491001725196838 -0.1820001006126404
0.5079002380371094 0.3259001672267914 -0.1820001006126404
0.0336000174283981 0.3043002486228943 1.0775005817413330
-0.0336000174283981 0.3235002458095551 1.1656006574630737
0.0336000174283981 0.3235002458095551 1.1656006574630737
-0.3779002130031586 0.3044002056121826 0.6907003521919250
0.0000000000000000 0.3044002056121826 0.6907003521919250
0.0000000000000000 0.3044002056121826 0.5145002007484436
-0.0215000119060278 0.5258002281188965 -0.5320003032684326
-0.0068000038154423 1.7516009807586670 -0.5574004054069519
0.0215000119060278 0.5258002281188965 -0.5320003032684326
0.0068000038154423 1.7516009807586670 -0.5574004054069519
0.0136000076308846 1.7516009807586670 -0.5693004131317139
0.0855000466108322 1.2199006080627441 -0.5691003799438477
0.0692000389099121 1.2199006080627441 -0.6193004250526428
0.0001000000484055 1.2199006080627441 -0.5691003799438477
0.0265000145882368 1.2199006080627441 -0.6504004597663879
-0.0262000132352114 1.2199006080627441 -0.6504004597663879
0.0000000000000000 0.3044001758098602 0.3306001126766205
-0.4881002306938171 0.3044001758098602 0.3306001126766205
-0.4347002208232880 0.3044002056121826 0.5145002007484436
0.0336000174283981 0.3633002638816833 1.1656006574630737
0.0336000174283981 0.3235002458095551 1.1656006574630737
0.0336000174283981 0.3043002486228943 1.0775005817413330
0.0336000174283981 0.2228002101182938 1.0241005420684814
-0.0242000129073858 -0.1347001492977142 -1.0685005187988281
-0.0318000167608261 -0.0682001113891602 -0.9002004265785217
-0.0336000174283981 -0.1350001096725464 -0.8150004148483276
-0.0336000174283981 0.0159999281167984 -0.8150004148483276
0.4576002359390259 0.3749002218246460 0.3306001126766205
0.4576002359390259 0.3044001758098602 0.3306001126766205
-0.1739000827074051 0.4533002972602844 0.9781004786491394
-0.0951000526547432 0.4292003214359283 1.3230007886886597
0.0952000543475151 0.4292003214359283 1.3230007886886597
0.5658003091812134 0.3491001725196838 -0.1096000969409943
0.0336000174283981 0.3235002458095551 1.1656006574630737
-0.0336000174283981 0.3235002458095551 1.1656006574630737
0.0336000174283981 0.3633002638816833 1.1656006574630737
-0.0336000174283981 0.3633002638816833 1.1656006574630737
0.0336000174283981 -0.5179003477096558 -0.7970003485679626
0.0336000174283981 -0.2990002036094666 -0.7970004081726074
-0.4681002199649811 0.2041001021862030 -0.0642000362277031
-0.6731003522872925 0.2143001109361649 -0.0642000362277031
-0.4681002199649811 0.2041001021862030 0.0900000482797623
-0.6731003522872925 0.2143001109361649 0.0900000482797623
-0.0336000174283981 -0.5179003477096558 -0.8150003552436829
-0.0255000125616789 -0.5179003477096558 -1.0200004577636719
0.0255000125616789 -0.5179003477096558 -1.0200004577636719
0.0336000174283981 -0.5179003477096558 -0.8150003552436829
-0.0242000129073858 -0.1347001492977142 -1.0685005187988281
-0.0255000125616789 -0.5179003477096558 -1.0200004577636719
0.0242000129073858 -0.1347001492977142 -1.0685005187988281
0.0255000125616789 -0.5179003477096558 -1.0200004577636719
-0.0336000174283981 0.0159999281167984 -0.8556004166603088
-0.0336000174283981 0.0159999281167984 -0.8150004148483276
0.2813001573085785 0.3895002901554108 0.7998003959655762
0.3892001807689667 0.3895002603530884 0.5022001862525940
0.3540001809597015 0.3895002901554108 0.7889004349708557
0.4379002451896667 0.3895002603530884 0.5570002198219299
0.3892001807689667 0.3756002187728882 0.5022001862525940
0.2813001573085785 0.3756002485752106 0.7998003959655762
0.4379002451896667 0.3756002187728882 0.5570002198219299
0.3540001809597015 0.3756002485752106 0.7889004349708557
-0.2813001573085785 0.3756002485752106 0.7998003959655762
-0.3892001807689667 0.3756002187728882 0.5022001862525940
-0.3540001809597015 0.3756002485752106 0.7889004349708557
-0.4379002451896667 0.3756002187728882 0.5570002198219299
-0.3892001807689667 0.3895002603530884 0.5022001862525940
-0.2813001573085785 0.3895002901554108 0.7998003959655762
-0.4379002451896667 0.3895002603530884 0.5570002198219299
-0.3540001809597015 0.3895002901554108 0.7889004349708557
-0.4379002451896667 0.3895002603530884 0.5570002198219299
-0.3892001807689667 0.3895002603530884 0.5022001862525940
0.0336000174283981 -0.2990002036094666 -0.7970004081726074
-0.0336000174283981 -0.2990002036094666 -0.7970004081726074
0.0336000174283981 -0.5179003477096558 -0.7970003485679626
-0.0336000174283981 -0.5179003477096558 -0.7970003485679626
0.0336000174283981 -0.1350001096725464 -0.8150004148483276
-0.0336000174283981 -0.1350001096725464 -0.8150004148483276
0.0336000174283981 0.0159999281167984 -0.8150004148483276
-0.0336000174283981 0.0159999281167984 -0.8150004148483276
-0.0951000526547432 0.4292003214359283 1.3230007886886597
0.0952000543475151 0.4292003214359283 1.3230007886886597
-0.0951000526547432 0.3044002354145050 1.3230007886886597
0.0952000543475151 0.3044002354145050 1.3230007886886597
0.1060000583529472 0.3974003195762634 1.2876006364822388
0.1946000903844833 0.4224002957344055 0.9733004570007324
0.1085000634193420 0.3302002847194672 1.2876006364822388
0.2838001549243927 0.3302002549171448 0.8901004195213318
0.1804001033306122 0.5217003226280212 0.8714003562927246
0.3071001470088959 0.5217002630233765 0.5365002155303955
0.1804001033306122 0.5217003226280212 0.8714003562927246
0.3781001865863800 0.3044002056121826 0.6907003521919250
0.4883002936840057 0.3044001758098602 0.3306001126766205
0.4348002374172211 0.3044002056121826 0.5145002007484436
-0.6146003007888794 0.0630999952554703 -0.5694003105163574
0.6148003339767456 0.0630999952554703 -0.5694003105163574
-0.5339002609252930 0.0630999505519867 -0.9450005292892456
0.5342002511024475 0.0630999505519867 -0.9450005292892456
-0.5339002609252930 0.0809999629855156 -0.9487004876136780
0.5342002511024475 0.0809999629855156 -0.9487004876136780
-0.6146003007888794 0.0810000002384186 -0.5694003105163574
0.6148003339767456 0.0810000002384186 -0.5694003105163574
0.4668002426624298 0.2367001324892044 0.1457000374794006
0.4672002196311951 0.2379001379013062 0.3000001609325409
0.4549002349376678 0.2041001021862030 0.1457000374794006
0.4549002349376678 0.2041001021862030 0.3000001609325409
-0.5658003091812134 0.3491001725196838 -0.1096000969409943
-0.5079002380371094 0.3491001725196838 -0.1820001006126404
-0.5658003091812134 0.3491001725196838 0.2296000719070435
-0.5079002380371094 0.3491002321243286 0.3020001351833344
0.4549002349376678 0.2041001021862030 0.3000001609325409
0.6589003205299377 0.2114001065492630 0.3000001609325409
0.4549002349376678 0.2041001021862030 0.1457000374794006
0.6589003205299377 0.2114001065492630 0.1457000374794006
0.6631003022193909 0.2441001236438751 0.1457000374794006
0.6631003022193909 0.2441001236438751 0.3000001609325409
0.4668002426624298 0.2367001324892044 0.1457000374794006
0.4672002196311951 0.2379001379013062 0.3000001609325409
0.6631003022193909 0.2441001236438751 0.3000001609325409
0.6631003022193909 0.2441001236438751 0.1457000374794006
0.6589003205299377 0.2114001065492630 0.3000001609325409
0.6589003205299377 0.2114001065492630 0.1457000374794006
0.4549002349376678 0.2041001021862030 0.1457000374794006
0.6589003205299377 0.2114001065492630 0.1457000374794006
0.4668002426624298 0.2367001324892044 0.1457000374794006
0.6631003022193909 0.2441001236438751 0.1457000374794006
0.6589003205299377 0.2114001065492630 0.3000001609325409
0.4549002349376678 0.2041001021862030 0.3000001609325409
0.6631003022193909 0.2441001236438751 0.3000001609325409
0.4672002196311951 0.2379001379013062 0.3000001609325409
0.6731003522872925 0.2143001109361649 0.0900000482797623
0.6731003522872925 0.2143001109361649 -0.0642000362277031
0.4681002199649811 0.2041001021862030 0.0900000482797623
0.4681002199649811 0.2041001021862030 -0.0642000362277031
0.6770003437995911 0.2461001425981522 -0.0642000362277031
0.6770003437995911 0.2461001425981522 0.0900000482797623
0.4800002574920654 0.2367001324892044 -0.0642000362277031
0.4800002574920654 0.2367001324892044 0.0900000482797623
0.6770003437995911 0.2461001425981522 0.0900000482797623
0.6770003437995911 0.2461001425981522 -0.0642000362277031
0.6731003522872925 0.2143001109361649 0.0900000482797623
0.6731003522872925 0.2143001109361649 -0.0642000362277031
0.4681002199649811 0.2041001021862030 -0.0642000362277031
0.6731003522872925 0.2143001109361649 -0.0642000362277031
0.4800002574920654 0.2367001324892044 -0.0642000362277031
0.6770003437995911 0.2461001425981522 -0.0642000362277031
0.4800002574920654 0.2367001324892044 -0.0642000362277031
0.4800002574920654 0.2367001324892044 0.0900000482797623
0.4681002199649811 0.2041001021862030 -0.0642000362277031
0.4681002199649811 0.2041001021862030 0.0900000482797623
0.6731003522872925 0.2143001109361649 0.0900000482797623
0.4681002199649811 0.2041001021862030 0.0900000482797623
0.6770003437995911 0.2461001425981522 0.0900000482797623
0.4800002574920654 0.2367001324892044 0.0900000482797623
0.6626003980636597 0.2104001194238663 -0.1200000643730164
0.6626003980636597 0.2104000598192215 -0.2742001414299011
0.4591002464294434 0.2041001021862030 -0.1200000643730164
0.4591002464294434 0.2041000723838806 -0.2742001414299011
0.6666003465652466 0.2423000931739807 -0.2742001414299011
0.6666003465652466 0.2423001229763031 -0.1200000643730164
0.4709002673625946 0.2367001324892044 -0.2742001414299011
0.4709002673625946 0.2367001324892044 -0.1200000643730164
0.6666003465652466 0.2423001229763031 -0.1200000643730164
0.6666003465652466 0.2423000931739807 -0.2742001414299011
0.6626003980636597 0.2104001194238663 -0.1200000643730164
0.6626003980636597 0.2104000598192215 -0.2742001414299011
0.4591002464294434 0.2041000723838806 -0.2742001414299011
0.6626003980636597 0.2104000598192215 -0.2742001414299011
0.4709002673625946 0.2367001324892044 -0.2742001414299011
0.6666003465652466 0.2423000931739807 -0.2742001414299011
0.4709002673625946 0.2367001324892044 -0.2742001414299011
0.4709002673625946 0.2367001324892044 -0.1200000643730164
0.4591002464294434 0.2041000723838806 -0.2742001414299011
0.4591002464294434 0.2041001021862030 -0.1200000643730164
0.6626003980636597 0.2104001194238663 -0.1200000643730164
0.4591002464294434 0.2041001021862030 -0.1200000643730164
0.6666003465652466 0.2423001229763031 -0.1200000643730164
0.4709002673625946 0.2367001324892044 -0.1200000643730164
-0.4061002135276794 0.3491002321243286 0.3251001238822937
-0.4121002256870270 0.3491001725196838 -0.2051001489162445
-0.6589003205299377 0.2114001065492630 0.1457000374794006
-0.6589003205299377 0.2114001065492630 0.3000001609325409
-0.4549002349376678 0.2041001021862030 0.1457000374794006
-0.4549002349376678 0.2041001021862030 0.3000001609325409
-0.4672002196311951 0.2379001379013062 0.3000001609325409
-0.6631003022193909 0.2441001236438751 0.3000001609325409
-0.4668002426624298 0.2367001324892044 0.1457000374794006
-0.6631003022193909 0.2441001236438751 0.1457000374794006
-0.6589003205299377 0.2114001065492630 0.1457000374794006
-0.6631003022193909 0.2441001236438751 0.1457000374794006
-0.6589003205299377 0.2114001065492630 0.3000001609325409
-0.6631003022193909 0.2441001236438751 0.3000001609325409
-0.6631003022193909 0.2441001236438751 0.1457000374794006
-0.6589003205299377 0.2114001065492630 0.1457000374794006
-0.4668002426624298 0.2367001324892044 0.1457000374794006
-0.4549002349376678 0.2041001021862030 0.1457000374794006
-0.4549002349376678 0.2041001021862030 0.3000001609325409
-0.4672002196311951 0.2379001379013062 0.3000001609325409
-0.4549002349376678 0.2041001021862030 0.1457000374794006
-0.4668002426624298 0.2367001324892044 0.1457000374794006
-0.4672002196311951 0.2379001379013062 0.3000001609325409
-0.4549002349376678 0.2041001021862030 0.3000001609325409
-0.6631003022193909 0.2441001236438751 0.3000001609325409
-0.6589003205299377 0.2114001065492630 0.3000001609325409
-0.4800002574920654 0.2367001324892044 0.0900000482797623
-0.6770003437995911 0.2461001425981522 0.0900000482797623
-0.4800002574920654 0.2367001324892044 -0.0642000362277031
-0.6770003437995911 0.2461001425981522 -0.0642000362277031
-0.6731003522872925 0.2143001109361649 -0.0642000362277031
-0.6770003437995911 0.2461001425981522 -0.0642000362277031
-0.6731003522872925 0.2143001109361649 0.0900000482797623
-0.6770003437995911 0.2461001425981522 0.0900000482797623
-0.6770003437995911 0.2461001425981522 -0.0642000362277031
-0.6731003522872925 0.2143001109361649 -0.0642000362277031
-0.4800002574920654 0.2367001324892044 -0.0642000362277031
-0.4681002199649811 0.2041001021862030 -0.0642000362277031
-0.4681002199649811 0.2041001021862030 0.0900000482797623
-0.4800002574920654 0.2367001324892044 0.0900000482797623
-0.4681002199649811 0.2041001021862030 -0.0642000362277031
-0.4800002574920654 0.2367001324892044 -0.0642000362277031
-0.4800002574920654 0.2367001324892044 0.0900000482797623
-0.4681002199649811 0.2041001021862030 0.0900000482797623
-0.6770003437995911 0.2461001425981522 0.0900000482797623
-0.6731003522872925 0.2143001109361649 0.0900000482797623
-0.4591002464294434 0.2041000723838806 -0.2742001414299011
-0.6626003980636597 0.2104000598192215 -0.2742001414299011
-0.4591002464294434 0.2041001021862030 -0.1200000643730164
-0.6626003980636597 0.2104001194238663 -0.1200000643730164
-0.4709002673625946 0.2367001324892044 -0.1200000643730164
-0.6666003465652466 0.2423001229763031 -0.1200000643730164
-0.4709002673625946 0.2367001324892044 -0.2742001414299011
-0.6666003465652466 0.2423000931739807 -0.2742001414299011
-0.6626003980636597 0.2104000598192215 -0.2742001414299011
-0.6666003465652466 0.2423000931739807 -0.2742001414299011
-0.6626003980636597 0.2104001194238663 -0.1200000643730164
-0.6666003465652466 0.2423001229763031 -0.1200000643730164
-0.6666003465652466 0.2423000931739807 -0.2742001414299011
-0.6626003980636597 0.2104000598192215 -0.2742001414299011
-0.4709002673625946 0.2367001324892044 -0.2742001414299011
-0.4591002464294434 0.2041000723838806 -0.2742001414299011
-0.4591002464294434 0.2041001021862030 -0.1200000643730164
-0.4709002673625946 0.2367001324892044 -0.1200000643730164
-0.4591002464294434 0.2041000723838806 -0.2742001414299011
-0.4709002673625946 0.2367001324892044 -0.2742001414299011
-0.4709002673625946 0.2367001324892044 -0.1200000643730164
-0.4591002464294434 0.2041001021862030 -0.1200000643730164
-0.6666003465652466 0.2423001229763031 -0.1200000643730164
-0.6626003980636597 0.2104001194238663 -0.1200000643730164
-0.3070001602172852 0.5217002630233765 0.5365002155303955
-0.4167002141475677 0.3839002251625061 0.4433001875877380
-0.4569002389907837 0.3511002361774445 0.3658001422882080
0.4665002226829529 0.3302002251148224 0.3658001422882080
0.4571002423763275 0.3511002361774445 0.3658001422882080
0.4169002175331116 0.3839002251625061 0.4433001875877380
0.0692000389099121 1.1264007091522217 0.7109002470970154
0.0265000145882368 1.1264007091522217 0.7419002652168274
-0.0262000132352114 1.1264007091522217 0.7419002652168274
-0.0690000355243683 1.1264007091522217 0.7109002470970154
-0.0853000432252884 1.1264007091522217 0.6607002615928650
-0.0690000355243683 1.1264007091522217 0.6104001998901367
0.0692000389099121 1.3704006671905518 0.1099999323487282
0.0265000145882368 1.3704006671905518 0.1409999579191208
-0.0262000132352114 1.3704006671905518 0.1409999579191208
-0.0690000355243683 1.3704006671905518 0.1099999323487282
-0.0853000432252884 1.3704006671905518 0.0597999133169651
-0.0690000355243683 1.3704006671905518 0.0095998849719763
0.0692000389099121 1.2199006080627441 -0.5189003348350525
0.0265000145882368 1.2199006080627441 -0.4879003167152405
-0.0262000132352114 1.2199006080627441 -0.4879003167152405
-0.0690000355243683 1.2199006080627441 -0.5189003348350525
-0.0853000432252884 1.2199006080627441 -0.5691003799438477
-0.0690000355243683 1.2199006080627441 -0.6193004250526428
0.1740000844001770 0.4533002972602844 0.9781004786491394
-0.0336000174283981 -0.2990002036094666 -0.7970004081726074
0.4165002107620239 0.0169999282807112 -0.7970004081726074
0.2813001573085785 0.3895002901554108 0.7998003959655762
-0.4061002135276794 0.3491002321243286 0.3251001238822937
0.3071001470088959 0.5217002630233765 0.5365002155303955
0.4061002135276794 0.3259002268314362 0.3251001238822937
0.0336000174283981 0.0159999281167984 -0.8150004148483276
0.4121002256870270 0.3491001725196838 -0.2051001489162445
-0.1524000763893127 0.5552003979682922 0.8901003599166870
-0.1803001016378403 0.5217003226280212 0.8714003562927246
-0.3892001807689667 0.3756002187728882 0.5022001862525940
-0.0336000174283981 0.0159999281167984 -0.8556004166603088
-0.4310002028942108 0.0756999626755714 -0.7970004081726074
-0.4161002337932587 0.1520000398159027 -0.8044003844261169
-0.4407002329826355 0.0169999282807112 -0.7970004081726074
-0.4896002411842346 0.1520000398159027 -0.4670002460479736
-0.5237002968788147 0.0169999692589045 -0.4670002460479736
-0.5506002902984619 0.0548000298440456 -0.2742001414299011
-0.5779002904891968 0.0170000102370977 -0.0900000482797623
-0.5641003251075745 0.0548000298440456 -0.1200000643730164
-0.5677003264427185 0.0548000298440456 -0.0642000362277031
-0.4880002439022064 0.2367001324892044 -0.1200000643730164
-0.4914002716541290 0.2367001324892044 -0.0642000362277031
-0.4308002591133118 0.3491001725196838 -0.0900000855326653
-0.4301002025604248 0.3491001725196838 0.1200000271201134
0.0000000000000000 -0.3549002408981323 -0.7970004081726074
0.0000000000000000 -0.4422002434730530 -0.4670002162456512
0.1962001174688339 -0.3384002447128296 -0.7970004081726074
0.2505001127719879 -0.4174002408981323 -0.4670002162456512
0.4461002349853516 -0.2941001951694489 -0.4670002162456512
0.2821001410484314 -0.4586002528667450 -0.0900000110268593
0.4884002506732941 -0.3187001645565033 -0.0900000110268593
0.2789001464843750 -0.4584002494812012 0.1200001016259193
0.4881002306938171 -0.3171001672744751 0.1200001016259193
0.2559001445770264 -0.4458001852035522 0.2623001635074615
0.4509002566337585 -0.3103001415729523 0.3095001876354218
0.3730002045631409 -0.2999001145362854 0.4674002528190613
0.5400003194808960 -0.1004000157117844 0.3285001516342163
-0.4575002491474152 -0.1004000157117844 0.5070002675056458
-0.3730002045631409 -0.2999001145362854 0.4674002528190613
-0.5400003194808960 -0.1004000157117844 0.3285001516342163
-0.4509002566337585 -0.3103001415729523 0.3095001876354218
-0.5810002684593201 -0.1004000529646873 0.1200000643730164
-0.4881002306938171 -0.3171001672744751 0.1200001016259193
-0.5820002555847168 -0.1004000529646873 -0.0900000482797623
-0.4884002506732941 -0.3187001645565033 -0.0900000110268593
-0.4461002349853516 -0.2941001951694489 -0.4670002162456512
-0.2821001410484314 -0.4586002528667450 -0.0900000110268593
-0.2505001127719879 -0.4174002408981323 -0.4670002162456512
0.4056001901626587 0.3491001427173615 -0.4670003056526184
0.4776002466678619 0.2367001324892044 -0.2742001414299011
0.4233002364635468 0.3491001427173615 -0.3000001609325409
0.4880002439022064 0.2367001324892044 -0.1200000643730164
0.4308002591133118 0.3491001725196838 -0.0900000855326653
0.4914002716541290 0.2367001324892044 -0.0642000362277031
0.4301002025604248 0.3491001725196838 0.1200000271201134
0.4941002726554871 0.2367001324892044 0.0900000482797623
0.4931002259254456 0.2367001324892044 0.1457000374794006
0.5700002908706665 0.0548000298440456 0.0900000482797623
0.5679003000259399 0.0548000298440456 0.1457000821828842
0.5813002586364746 0.0170000102370977 0.1200000643730164
0.0000000000000000 -0.1003999784588814 0.9204005002975464
0.2419001311063766 -0.1004000157117844 0.7410003542900085
0.0000000000000000 -0.2604000568389893 0.7845004200935364
0.1692000925540924 -0.2765000760555267 0.6672003865242004
0.0674000307917595 -0.3811001777648926 0.5565003156661987
0.2080001085996628 -0.4264001846313477 0.3901002407073975
0.0000000000000000 -0.4648002088069916 0.2927002012729645
0.0000000000000000 -0.4772002398967743 0.2004001587629318
0.0000000000000000 -0.4728002548217773 0.2415001690387726
-0.2559001445770264 -0.4458001852035522 0.2623001635074615
-0.2080001085996628 -0.4264001846313477 0.3901002407073975
-0.1692000925540924 -0.2765000760555267 0.6672003865242004
-0.2419001311063766 -0.1004000157117844 0.7410003542900085
0.0000000000000000 -0.4816002547740936 -0.0900000110268593
-0.2789001464843750 -0.4584002494812012 0.1200001016259193
0.0000000000000000 -0.4832002520561218 0.1200001016259193
0.0000000000000000 -0.4806002378463745 0.1545001119375229
-0.3804002106189728 -0.2573001682758331 -0.7970004081726074
-0.4246002137660980 -0.1004000902175903 -0.7970004081726074
-0.4470002353191376 -0.1004000902175903 -0.7970004081726074
-0.4165002107620239 0.0169999282807112 -0.7970004081726074
-0.4407002329826355 0.0169999282807112 -0.7970004081726074
-0.4084002077579498 0.0756999626755714 -0.7970004081726074
-0.4310002028942108 0.0756999626755714 -0.7970004081726074
-0.4161002337932587 0.1520000398159027 -0.8044003844261169
0.5779002904891968 0.0170000102370977 -0.0900000482797623
0.5641003251075745 0.0548000298440456 -0.1200000643730164
0.5237002968788147 0.0169999692589045 -0.4670002460479736
0.5506002902984619 0.0548000298440456 -0.2742001414299011
0.4896002411842346 0.1520000398159027 -0.4670002460479736
0.5677003264427185 0.0548000298440456 -0.0642000362277031
0.4310002028942108 0.0756999626755714 -0.7970004081726074
0.4084002077579498 0.0756999626755714 -0.7970004081726074
0.4407002329826355 0.0169999282807112 -0.7970004081726074
0.4165002107620239 0.0169999282807112 -0.7970004081726074
0.4470002353191376 -0.1004000902175903 -0.7970004081726074
0.4246002137660980 -0.1004000902175903 -0.7970004081726074
0.3638001978397369 -0.2430001646280289 -0.7970004081726074
-0.2550001442432404 0.0170000493526459 0.7577003836631775
-0.4635002315044403 0.0170000493526459 0.5145002603530884
-0.2601001560688019 0.1520001143217087 0.7604004144668579
-0.4394002258777618 0.1520001143217087 0.5145002603530884
-0.2423001229763031 0.3633002638816833 0.7604004144668579
-0.3781001865863800 0.3491002321243286 0.5145002007484436
0.0000000000000000 0.0170000903308392 0.9661005139350891
0.0000000000000000 0.1520001590251923 0.9924005270004272
0.0000000000000000 0.3633002638816833 0.9965005517005920
0.0000000000000000 0.3633002638816833 0.9965005517005920
0.2423001229763031 0.3633002638816833 0.7604004144668579
0.0000000000000000 0.1520001590251923 0.9924005270004272
0.2601001560688019 0.1520001143217087 0.7604004144668579
0.0000000000000000 0.0170000903308392 0.9661005139350891
0.2550001442432404 0.0170000493526459 0.7577003836631775
0.3781001865863800 0.3491002321243286 0.5145002007484436
0.4394002258777618 0.1520001143217087 0.5145002603530884
0.4635002315044403 0.0170000493526459 0.5145002603530884
0.5418003201484680 0.0170000493526459 0.3300001621246338
0.4161002337932587 0.3491002321243286 0.3300001323223114
0.5418003201484680 0.0548000670969486 0.3000001609325409
0.4731002151966095 0.2367001324892044 0.3000001609325409
0.0000000000000000 -0.3622001409530640 0.6135003566741943
0.0000000000000000 -0.4169001579284668 0.4831002652645111
-0.0674000307917595 -0.3811001777648926 0.5565003156661987
-0.1962001174688339 -0.3384002447128296 -0.7970004081726074
-0.1917001008987427 -0.3159002065658569 -0.7970004081726074
-0.3638001978397369 -0.2430001646280289 -0.7970004081726074
0.4575002491474152 -0.1004000157117844 0.5070002675056458
-0.4056001901626587 0.3491001427173615 -0.4670003056526184
-0.3861002027988434 0.3491001427173615 -0.6315003633499146
-0.3704002201557159 0.3491001129150391 -0.7677003741264343
-0.5418003201484680 0.0170000493526459 0.3300001621246338
-0.4161002337932587 0.3491002321243286 0.3300001323223114
-0.4014002084732056 0.3491002321243286 0.4222001731395721
-0.3921002149581909 0.1520000398159027 -0.8044003844261169
-0.3550001978874207 0.2632000744342804 -0.8433004617691040
-0.3793002068996429 0.2632000744342804 -0.8433004617691040
-0.4776002466678619 0.2367001324892044 -0.2742001414299011
-0.4233002364635468 0.3491001427173615 -0.3000001609325409
-0.4941002726554871 0.2367001324892044 0.0900000482797623
-0.4931002259254456 0.2367001324892044 0.1457000374794006
-0.5679003000259399 0.0548000298440456 0.1457000821828842
0.5810002684593201 -0.1004000529646873 0.1200000643730164
0.5820002555847168 -0.1004000529646873 -0.0900000482797623
0.4470002353191376 -0.1004000902175903 -0.7970004081726074
0.3804002106189728 -0.2573001682758331 -0.7970004081726074
0.5281002521514893 -0.1004000902175903 -0.4670002460479736
0.0000000000000000 -0.1003999784588814 0.9204005002975464
-0.1962001174688339 -0.3384002447128296 -0.7970004081726074
-0.3804002106189728 -0.2573001682758331 -0.7970004081726074
-0.4470002353191376 -0.1004000902175903 -0.7970004081726074
-0.5281002521514893 -0.1004000902175903 -0.4670002460479736
0.3511002063751221 0.3491001129150391 -0.9594004750251770
0.3793002068996429 0.2632000744342804 -0.8433004617691040
0.3704002201557159 0.3491001129150391 -0.7677003741264343
-0.3511002063751221 0.3491001129150391 -0.9594004750251770
-0.3793002068996429 0.2632000744342804 -0.8433004617691040
0.0000000000000000 -0.3549002408981323 -0.7970004081726074
0.1962001174688339 -0.3384002447128296 -0.7970004081726074
0.0000000000000000 -0.3316002488136292 -0.7970004081726074
0.1917001008987427 -0.3159002065658569 -0.7970004081726074
0.3804002106189728 -0.2573001682758331 -0.7970004081726074
0.3263001739978790 0.3491001129150391 -0.9594004750251770
0.3550001978874207 0.2632000744342804 -0.8433004617691040
0.3511002063751221 0.3491001129150391 -0.9594004750251770
0.3793002068996429 0.2632000744342804 -0.8433004617691040
0.3921002149581909 0.1520000398159027 -0.8044003844261169
0.4161002337932587 0.1520000398159027 -0.8044003844261169
0.4161002337932587 0.1520000398159027 -0.8044003844261169
-0.5700002908706665 0.0548000298440456 0.0900000482797623
-0.5813002586364746 0.0170000102370977 0.1200000643730164
-0.5418003201484680 0.0548000670969486 0.3000001609325409
-0.4731002151966095 0.2367001324892044 0.3000001609325409
-0.3511002063751221 0.3491001129150391 -0.9594004750251770
-0.3263001739978790 0.3491001129150391 -0.9594004750251770
0.4407002329826355 0.0169999282807112 -0.7970004081726074
0.4310002028942108 0.0756999626755714 -0.7970004081726074
0.0000000000000000 0.3713001310825348 -0.9959005117416382
-0.3047001659870148 0.3713001310825348 -0.9959005117416382
-0.3312001526355743 0.3551000952720642 -0.9733004570007324
-0.3204001784324646 0.3713001310825348 -0.9947005510330200
-0.3521001935005188 0.3668001294136047 -0.9796004891395569
-0.3351001739501953 0.3921001255512238 -1.0056005716323853
-0.3601001799106598 0.3874001204967499 -0.9935005307197571
-0.3326001763343811 0.4082001447677612 -1.0134005546569824
-0.2862001657485962 0.6848002672195435 -1.1024006605148315
-0.2620001435279846 0.7039002776145935 -1.1213006973266602
-0.2734001576900482 0.7324002981185913 -1.1200007200241089
-0.2546001374721527 0.7169002294540405 -1.1270006895065308
-0.2560001313686371 0.7426003217697144 -1.1301006078720093
-0.2390001267194748 0.7265003323554993 -1.1321007013320923
-0.2220001220703125 0.7264003157615662 -1.1317006349563599
-0.2222001105546951 0.7108003497123718 -1.1266006231307983
-0.2105001062154770 0.7148002386093140 -1.1141005754470825
-0.2137001156806946 0.7026003003120422 -1.1093007326126099
0.0000000000000000 0.7546003460884094 -1.1343007087707520
0.0000000000000000 0.7384002804756165 -1.1359006166458130
0.2560001313686371 0.7426003217697144 -1.1301006078720093
0.2220001220703125 0.7264003157615662 -1.1317006349563599
0.2390001267194748 0.7265003323554993 -1.1321007013320923
0.2222001105546951 0.7108003497123718 -1.1266006231307983
0.2424001246690750 0.6979002952575684 -1.1199007034301758
0.2305001169443130 0.7016002535820007 -1.1207007169723511
0.2360001355409622 0.6869002580642700 -1.1026005744934082
0.2231001108884811 0.6922003030776978 -1.1048005819320679
0.3319001495838165 0.7296003103256226 -0.5408003330230713
0.3094001710414886 0.7296003103256226 -0.5408003330230713
0.3165001571178436 0.8147003650665283 -0.5344003438949585
0.2919001579284668 0.8147003650665283 -0.5342003703117371
0.3166001737117767 0.8534003496170044 -0.5565003752708435
0.2915001511573792 0.8534003496170044 -0.5565003752708435
0.3142001628875732 0.8646003603935242 -0.5949003696441650
0.2890001535415649 0.8646003603935242 -0.5949003696441650
0.3059001564979553 0.8502003550529480 -0.6799004077911377
0.2825001478195190 0.8502003550529480 -0.6799004077911377
0.2294001281261444 0.8442003726959229 -1.1278007030487061
0.2734001576900482 0.7324002981185913 -1.1200007200241089
0.2620001435279846 0.7039002776145935 -1.1213006973266602
0.2862001657485962 0.6848002672195435 -1.1024006605148315
0.3326001763343811 0.4082001447677612 -1.0134005546569824
0.3601001799106598 0.3874001204967499 -0.9935005307197571
0.3351001739501953 0.3921001255512238 -1.0056005716323853
0.3521001935005188 0.3668001294136047 -0.9796004891395569
0.3204001784324646 0.3713001310825348 -0.9947005510330200
0.3312001526355743 0.3551000952720642 -0.9733004570007324
0.3047001659870148 0.3713001310825348 -0.9959005117416382
0.2373001277446747 0.7849003076553345 -1.1333006620407104
0.2253001332283020 0.8031003475189209 -1.1418006420135498
0.2196001112461090 0.8176003098487854 -1.1283006668090820
0.1313000768423080 0.8416003584861755 -1.1576006412506104
0.1314000785350800 0.8570003509521484 -1.1383006572723389
0.0000000000000000 0.8564003705978394 -1.1608006954193115
0.0000000000000000 0.8767004013061523 -1.1409006118774414
-0.1313000768423080 0.8416003584861755 -1.1576006412506104
-0.1314000785350800 0.8570003509521484 -1.1383006572723389
-0.2196001112461090 0.8176003098487854 -1.1283006668090820
0.0000000000000000 0.8776003122329712 -1.1916006803512573
0.1314000785350800 0.8608003854751587 -1.1889007091522217
0.1314000785350800 0.8940004110336304 -1.1839007139205933
0.2315001189708710 0.8193003535270691 -1.1699006557464600
0.2291001230478287 0.8496003746986389 -1.1653007268905640
0.2637001574039459 0.8147003650665283 -1.1383006572723389
0.2536001503467560 0.8442003726959229 -1.1383006572723389
0.2994001805782318 0.8147003650665283 -0.7956004738807678
0.3059001564979553 0.8502003550529480 -0.6799004077911377
0.0000000000000000 0.8564003705978394 -1.1608006954193115
0.1313000768423080 0.8416003584861755 -1.1576006412506104
0.1314000785350800 0.8608003854751587 -1.1889007091522217
0.2253001332283020 0.8031003475189209 -1.1418006420135498
0.2315001189708710 0.8193003535270691 -1.1699006557464600
0.2373001277446747 0.7849003076553345 -1.1333006620407104
0.2527001500129700 0.7849003076553345 -1.1453006267547607
0.2734001576900482 0.7324002981185913 -1.1200007200241089
-0.2231001108884811 0.6922003030776978 -1.1048005819320679
-0.2305001169443130 0.7016002535820007 -1.1207007169723511
-0.2360001355409622 0.6869002580642700 -1.1026005744934082
-0.2424001246690750 0.6979002952575684 -1.1199007034301758
-0.2513001263141632 0.6872003078460693 -1.1021006107330322
-0.2527001500129700 0.7849003076553345 -1.1453006267547607
-0.2253001332283020 0.8031003475189209 -1.1418006420135498
-0.2315001189708710 0.8193003535270691 -1.1699006557464600
-0.1313000768423080 0.8416003584861755 -1.1576006412506104
-0.1314000785350800 0.8608003854751587 -1.1889007091522217
0.0000000000000000 0.8776003122329712 -1.1916006803512573
0.2560001313686371 0.7426003217697144 -1.1301006078720093
0.2377001345157623 0.7426003217697144 -1.1036006212234497
0.0000000000000000 0.7546003460884094 -1.1343007087707520
0.0000000000000000 0.7546003460884094 -1.1078006029129028
-0.2560001313686371 0.7426003217697144 -1.1301006078720093
-0.2377001345157623 0.7426003217697144 -1.1036006212234497
-0.2659001350402832 0.7426003217697144 -1.0936006307601929
-0.2446001172065735 0.7426003217697144 -1.0956006050109863
-0.2919001579284668 0.8147003650665283 -0.5342003703117371
-0.3166001737117767 0.8534003496170044 -0.5565003752708435
-0.2915001511573792 0.8534003496170044 -0.5565003752708435
-0.3142001628875732 0.8646003603935242 -0.5949003696441650
-0.2890001535415649 0.8646003603935242 -0.5949003696441650
-0.3059001564979553 0.8502003550529480 -0.6799004077911377
-0.2825001478195190 0.8502003550529480 -0.6799004077911377
-0.2294001281261444 0.8442003726959229 -1.1278007030487061
0.3899001777172089 0.5904002785682678 -0.3302002251148224
0.3961002230644226 0.5743002891540527 -0.3615002036094666
0.3997001945972443 0.5554002523422241 -0.3432002067565918
0.3962002098560333 0.5582002401351929 -0.3815002143383026
0.4006001949310303 0.5362002253532410 -0.3615002036094666
0.3955002129077911 0.5431002378463745 -0.3761002421379089
0.3839001953601837 0.5217002034187317 -0.3694002330303192
0.3805001974105835 0.5327002406120300 -0.3889002501964569
0.3319001495838165 0.7296003103256226 -0.5408003330230713
0.3325001895427704 0.7426003217697144 -0.5757003426551819
0.3440001606941223 0.6932002902030945 -0.5608003139495850
0.3317001461982727 0.7271003127098083 -0.5961003303527832
0.3386001884937286 0.6959002614021301 -0.5864003300666809
0.3323001861572266 0.7098002433776855 -0.5970003008842468
0.3232001662254333 0.7064002752304077 -0.6079003214836121
0.3188001513481140 0.7288002967834473 -0.6069003343582153
-0.3314001858234406 0.6842002868652344 -0.5735003352165222
-0.3283002078533173 0.6877002716064453 -0.5937003493309021
-0.3440001606941223 0.6932002902030945 -0.5608003139495850
-0.3386001884937286 0.6959002614021301 -0.5864003300666809
-0.3317001461982727 0.7271003127098083 -0.5961003303527832
-0.3323001861572266 0.7098002433776855 -0.5970003008842468
-0.3188001513481140 0.7288002967834473 -0.6069003343582153
-0.3232001662254333 0.7064002752304077 -0.6079003214836121
0.2659001350402832 0.7426003217697144 -1.0936006307601929
0.2818001508712769 0.7324002981185913 -1.1033005714416504
0.2859001457691193 0.7304003238677979 -1.0753006935119629
0.2946001589298248 0.6848002672195435 -1.0851006507873535
0.2937001585960388 0.6992002725601196 -1.0640006065368652
0.2816001474857330 0.6793003082275391 -1.0660005807876587
0.2802001535892487 0.6918002963066101 -1.0502005815505981
0.2513001263141632 0.6872003078460693 -1.1021006107330322
0.2546001374721527 0.7169002294540405 -1.1270006895065308
-0.2752001583576202 0.7178003191947937 -1.0464006662368774
-0.2802001535892487 0.6918002963066101 -1.0502005815505981
-0.2891001403331757 0.7157003283500671 -1.0607006549835205
-0.2937001585960388 0.6992002725601196 -1.0640006065368652
-0.2859001457691193 0.7304003238677979 -1.0753006935119629
-0.2946001589298248 0.6848002672195435 -1.0851006507873535
-0.2818001508712769 0.7324002981185913 -1.1033005714416504
0.3006001412868500 0.4160001277923584 -1.0028005838394165
0.2920001745223999 0.4075001478195190 -0.9990005493164062
0.3149001598358154 0.4059001505374908 -1.0129005908966064
0.3047001659870148 0.3980001211166382 -1.0069004297256470
0.3013001680374146 0.3856000602245331 -1.0027004480361938
0.2875001430511475 0.3976001143455505 -0.9948005080223083
0.2690001428127289 0.7402002811431885 -1.0645005702972412
0.2891001403331757 0.7157003283500671 -1.0607006549835205
0.2752001583576202 0.7178003191947937 -1.0464006662368774
-0.2690001428127289 0.7402002811431885 -1.0645005702972412
-0.2659001350402832 0.7426003217697144 -1.0936006307601929
0.3899001777172089 0.5904002785682678 -0.3302002251148224
0.4000002145767212 0.5393002629280090 -0.3371002078056335
0.3858002126216888 0.5220001935958862 -0.3517001569271088
-0.2259001284837723 0.8147003650665283 -1.1221007108688354
-0.2786001563072205 0.8147003650665283 -0.6764004230499268
-0.2825001478195190 0.8502003550529480 -0.6799004077911377
-0.2848001420497894 0.8207003474235535 -0.5924003720283508
-0.2890001535415649 0.8646003603935242 -0.5949003696441650
-0.2915001511573792 0.8534003496170044 -0.5565003752708435
0.3094001710414886 0.7296003103256226 -0.5408003330230713
0.3319001495838165 0.7296003103256226 -0.5408003330230713
0.3582001924514771 0.6044002771377563 -0.3843002617359161
0.3811002075672150 0.6044002771377563 -0.3843002617359161
0.3651001751422882 0.5904002785682678 -0.3302002251148224
0.3899001777172089 0.5904002785682678 -0.3302002251148224
-0.3723002076148987 0.3827001452445984 -0.9679005146026611
-0.2734001576900482 0.7324002981185913 -1.1200007200241089
0.3415001630783081 0.3491001129150391 -0.9594004750251770
0.3169001638889313 0.3491001129150391 -0.9594004750251770
0.0000000000000000 0.3551000952720642 -0.9733004570007324
0.0000000000000000 0.3491001129150391 -0.9594004750251770
-0.3169001638889313 0.3491001129150391 -0.9594004750251770
0.3662001788616180 0.3491001129150391 -0.8871004581451416
0.3618001937866211 0.3635001182556152 -0.9017004370689392
0.3698001801967621 0.3491001129150391 -0.9101004600524902
0.3541001975536346 0.3766001164913177 -0.9475005269050598
0.3651001751422882 0.3655001223087311 -0.9570004940032959
0.3723002076148987 0.3827001452445984 -0.9679005146026611
-0.2637001574039459 0.8147003650665283 -1.1383006572723389
-0.2315001189708710 0.8193003535270691 -1.1699006557464600
-0.2291001230478287 0.8496003746986389 -1.1653007268905640
-0.1314000785350800 0.8608003854751587 -1.1889007091522217
-0.1314000785350800 0.8940004110336304 -1.1839007139205933
0.0000000000000000 0.9184004068374634 -1.1865006685256958
-0.1314000785350800 0.8940004110336304 -1.1550006866455078
-0.2196001112461090 0.8176003098487854 -1.1283006668090820
-0.2229001224040985 0.8496003746986389 -1.1385006904602051
-0.2294001281261444 0.8442003726959229 -1.1278007030487061
-0.3166001737117767 0.8534003496170044 -0.5565003752708435
-0.3251001536846161 0.8098003268241882 -0.5835003852844238
-0.3142001628875732 0.8646003603935242 -0.5949003696441650
-0.3138001561164856 0.8147003650665283 -0.6764004230499268
-0.3059001564979553 0.8502003550529480 -0.6799004077911377
-0.2536001503467560 0.8442003726959229 -1.1383006572723389
-0.3698001801967621 0.3491001129150391 -0.9101004600524902
-0.3501001596450806 0.3521001040935516 -0.9639005064964294
-0.3651001751422882 0.3655001223087311 -0.9570004940032959
-0.3415001630783081 0.3491001129150391 -0.9594004750251770
-0.3476001620292664 0.3491001129150391 -0.9021005034446716
-0.3662001788616180 0.3491001129150391 -0.8871004581451416
-0.2536001503467560 0.8442003726959229 -1.1383006572723389
-0.2291001230478287 0.8496003746986389 -1.1653007268905640
-0.2229001224040985 0.8496003746986389 -1.1385006904602051
-0.1314000785350800 0.8940004110336304 -1.1550006866455078
-0.3979002237319946 0.5649002790451050 -0.3524002134799957
-0.4006001949310303 0.5362002253532410 -0.3615002036094666
-0.3962002098560333 0.5582002401351929 -0.3815002143383026
-0.3955002129077911 0.5431002378463745 -0.3761002421379089
-0.3771001994609833 0.5522002577781677 -0.3965002298355103
-0.3805001974105835 0.5327002406120300 -0.3889002501964569
-0.3319001495838165 0.7296003103256226 -0.5408003330230713
-0.3325001895427704 0.7426003217697144 -0.5757003426551819
-0.3185001611709595 0.7426003217697144 -0.5869003534317017
-0.4000002145767212 0.5393002629280090 -0.3371002078056335
-0.3858002126216888 0.5220001935958862 -0.3517001569271088
-0.3839001953601837 0.5217002034187317 -0.3694002330303192
0.3651001751422882 0.5904002785682678 -0.3302002251148224
0.3899001777172089 0.5904002785682678 -0.3302002251148224
0.3745002150535583 0.5393002629280090 -0.3123002052307129
0.3961002230644226 0.5393002629280090 -0.3123002052307129
0.4115001857280731 0.3633002042770386 -0.1707000881433487
0.4348002374172211 0.3633002042770386 -0.1707000881433487
0.2904001772403717 0.3833000957965851 -0.9900005459785461
-0.3013001680374146 0.3856000602245331 -1.0027004480361938
-0.3149001598358154 0.4059001505374908 -1.0129005908966064
-0.3006001412868500 0.4160001277923584 -1.0028005838394165
-0.2920001745223999 0.4075001478195190 -0.9990005493164062
-0.3047001659870148 0.3980001211166382 -1.0069004297256470
0.3501001596450806 0.3521001040935516 -0.9639005064964294
0.3651001751422882 0.3655001223087311 -0.9570004940032959
0.3723002076148987 0.3827001452445984 -0.9679005146026611
0.0000000000000000 0.9184004068374634 -1.1575007438659668
0.0000000000000000 0.8767004013061523 -1.1409006118774414
-0.1314000785350800 0.8570003509521484 -1.1383006572723389
0.3047001659870148 0.3713001310825348 -0.9959005117416382
0.2904001772403717 0.3833000957965851 -0.9900005459785461
0.0000000000000000 0.3713001310825348 -0.9959005117416382
0.0000000000000000 0.3833000957965851 -0.9900005459785461
-0.2904001772403717 0.3833000957965851 -0.9900005459785461
-0.3899001777172089 0.5904002785682678 -0.3302002251148224
-0.3927002251148224 0.5776002407073975 -0.3806002140045166
-0.3811002075672150 0.6044002771377563 -0.3843002617359161
-0.3319001495838165 0.7296003103256226 -0.5408003330230713
-0.2919001579284668 0.8147003650665283 -0.5342003703117371
-0.2866001427173615 0.7939003705978394 -0.5699003338813782
-0.2942001521587372 0.7426003217697144 -0.5757003426551819
0.3185001611709595 0.7426003217697144 -0.5869003534317017
-0.3319001495838165 0.7296003103256226 -0.5408003330230713
-0.3094001710414886 0.7296003103256226 -0.5408003330230713
-0.3811002075672150 0.6044002771377563 -0.3843002617359161
-0.3582001924514771 0.6044002771377563 -0.3843002617359161
-0.3651001751422882 0.5904002785682678 -0.3302002251148224
0.3651001751422882 0.5904002785682678 -0.3302002251148224
0.3628001809120178 0.5544002652168274 -0.3636002540588379
0.3582001924514771 0.6044002771377563 -0.3843002617359161
0.3086001574993134 0.6955002546310425 -0.5646003484725952
0.3094001710414886 0.7296003103256226 -0.5408003330230713
0.3745002150535583 0.5393002629280090 -0.3123002052307129
0.3628001809120178 0.5544002652168274 -0.3636002540588379
0.4115001857280731 0.3633002042770386 -0.1707000881433487
0.4094001948833466 0.3491001725196838 -0.2083001136779785
-0.3651001751422882 0.5904002785682678 -0.3302002251148224
-0.3628001809120178 0.5544002652168274 -0.3636002540588379
-0.3745002150535583 0.5393002629280090 -0.3123002052307129
-0.4094001948833466 0.3491001725196838 -0.2083001136779785
-0.4115001857280731 0.3633002042770386 -0.1707000881433487
0.2105001062154770 0.7148002386093140 -1.1141005754470825
0.2137001156806946 0.7026003003120422 -1.1093007326126099
-0.3979002237319946 0.5649002790451050 -0.3524002134799957
0.3163001537322998 0.4171001315116882 -1.0046005249023438
-0.3651001751422882 0.5904002785682678 -0.3302002251148224
-0.3582001924514771 0.6044002771377563 -0.3843002617359161
-0.3094001710414886 0.7296003103256226 -0.5408003330230713
-0.3086001574993134 0.6955002546310425 -0.5646003484725952
-0.3698001801967621 0.3491001129150391 -0.9101004600524902
-0.3651001751422882 0.3655001223087311 -0.9570004940032959
-0.3541001975536346 0.3766001164913177 -0.9475005269050598
-0.3723002076148987 0.3827001452445984 -0.9679005146026611
-0.2946001589298248 0.6848002672195435 -1.0851006507873535
-0.2637001574039459 0.8147003650665283 -1.1383006572723389
-0.2445001453161240 0.8064003586769104 -1.1181006431579590
-0.2690001428127289 0.7822003364562988 -1.1239006519317627
-0.2492001354694366 0.7849003076553345 -1.1106005907058716
-0.2659001350402832 0.7426003217697144 -1.0936006307601929
-0.2904001772403717 0.3833000957965851 -0.9900005459785461
-0.2875001430511475 0.3976001143455505 -0.9948005080223083
-0.2373001277446747 0.7849003076553345 -1.1333006620407104
0.2848001420497894 0.8207003474235535 -0.5924003720283508
0.2786001563072205 0.8147003650665283 -0.6764004230499268
0.2825001478195190 0.8502003550529480 -0.6799004077911377
0.2653001546859741 0.8147003650665283 -0.7956004738807678
0.2259001284837723 0.8147003650665283 -1.1221007108688354
0.0000000000000000 0.9184004068374634 -1.1575007438659668
0.1314000785350800 0.8570003509521484 -1.1383006572723389
0.1314000785350800 0.8940004110336304 -1.1550006866455078
0.2229001224040985 0.8496003746986389 -1.1385006904602051
-0.3094001710414886 0.7296003103256226 -0.5408003330230713
-0.3319001495838165 0.7296003103256226 -0.5408003330230713
-0.3165001571178436 0.8147003650665283 -0.5344003438949585
0.2734001576900482 0.7324002981185913 -1.1200007200241089
0.2818001508712769 0.7324002981185913 -1.1033005714416504
0.2527001500129700 0.7849003076553345 -1.1453006267547607
0.2690001428127289 0.7822003364562988 -1.1239006519317627
0.3754002153873444 0.5652002692222595 -0.3963002264499664
0.3771001994609833 0.5522002577781677 -0.3965002298355103
0.3927002251148224 0.5776002407073975 -0.3806002140045166
0.4308002591133118 0.3491001725196838 -0.2524001300334930
0.4502002596855164 0.3645001947879791 -0.2218001633882523
0.3927002251148224 0.5776002407073975 -0.3806002140045166
0.3314001858234406 0.6842002868652344 -0.5735003352165222
0.2946001589298248 0.6848002672195435 -1.0851006507873535
0.2816001474857330 0.6793003082275391 -1.0660005807876587
0.2818001508712769 0.7324002981185913 -1.1033005714416504
0.2659001350402832 0.7426003217697144 -1.0936006307601929
0.2734001576900482 0.7324002981185913 -1.1200007200241089
0.3163001537322998 0.4171001315116882 -1.0046005249023438
0.3326001763343811 0.4082001447677612 -1.0134005546569824
0.2620001435279846 0.7039002776145935 -1.1213006973266602
0.0000000000000000 0.7384002804756165 -1.1359006166458130
0.2105001062154770 0.7148002386093140 -1.1141005754470825
0.0000000000000000 0.7268003225326538 -1.1183006763458252
-0.3251001536846161 0.8098003268241882 -0.5835003852844238
-0.3098001480102539 0.8039003610610962 -0.5924003720283508
-0.2527001500129700 0.7849003076553345 -1.1453006267547607
-0.2690001428127289 0.7822003364562988 -1.1239006519317627
-0.2786001563072205 0.8147003650665283 -0.6764004230499268
-0.2906001508235931 0.8064003586769104 -0.6768004298210144
-0.2908001542091370 0.8039003610610962 -0.5924003720283508
-0.3098001480102539 0.8039003610610962 -0.5924003720283508
-0.2906001508235931 0.8064003586769104 -0.6768004298210144
-0.3251001536846161 0.8098003268241882 -0.5835003852844238
-0.3138001561164856 0.8147003650665283 -0.6764004230499268
-0.2906001508235931 0.8064003586769104 -0.6768004298210144
-0.2637001574039459 0.8147003650665283 -1.1383006572723389
-0.2445001453161240 0.8064003586769104 -1.1181006431579590
0.2446001172065735 0.7426003217697144 -1.0956006050109863
-0.3251001536846161 0.8098003268241882 -0.5835003852844238
-0.3319001495838165 0.7296003103256226 -0.5408003330230713
-0.3165001571178436 0.8147003650665283 -0.5344003438949585
-0.1314000785350800 0.8940004110336304 -1.1839007139205933
0.0000000000000000 0.9184004068374634 -1.1575007438659668
0.0000000000000000 0.9184004068374634 -1.1865006685256958
0.1314000785350800 0.8940004110336304 -1.1550006866455078
0.2625001370906830 0.8064003586769104 -0.9095005393028259
0.2775001525878906 0.8064003586769104 -0.7958005070686340
0.3138001561164856 0.8147003650665283 -0.6764004230499268
0.2902001738548279 0.8062003254890442 -0.5942003726959229
0.2942001521587372 0.7426003217697144 -0.5757003426551819
0.2866001427173615 0.7939003705978394 -0.5699003338813782
0.2919001579284668 0.8147003650665283 -0.5342003703117371
0.2915001511573792 0.8534003496170044 -0.5565003752708435
0.2890001535415649 0.8646003603935242 -0.5949003696441650
0.3098001480102539 0.8039003610610962 -0.5924003720283508
0.3251001536846161 0.8098003268241882 -0.5835003852844238
0.3142001628875732 0.8646003603935242 -0.5949003696441650
0.3138001561164856 0.8147003650665283 -0.6764004230499268
0.2637001574039459 0.8147003650665283 -1.1383006572723389
0.2690001428127289 0.7822003364562988 -1.1239006519317627
0.2445001453161240 0.8064003586769104 -1.1181006431579590
0.2492001354694366 0.7849003076553345 -1.1106005907058716
-0.2906001508235931 0.8064003586769104 -0.6768004298210144
-0.2259001284837723 0.8147003650665283 -1.1221007108688354
-0.2786001563072205 0.8147003650665283 -0.6764004230499268
0.3251001536846161 0.8098003268241882 -0.5835003852844238
0.3098001480102539 0.8039003610610962 -0.5924003720283508
-0.3754002153873444 0.5652002692222595 -0.3963002264499664
-0.3927002251148224 0.5776002407073975 -0.3806002140045166
-0.3651001751422882 0.5904002785682678 -0.3302002251148224
-0.3745002150535583 0.5393002629280090 -0.3123002052307129
-0.3899001777172089 0.5904002785682678 -0.3302002251148224
-0.3961002230644226 0.5393002629280090 -0.3123002052307129
0.3165001571178436 0.8147003650665283 -0.5344003438949585
0.3251001536846161 0.8098003268241882 -0.5835003852844238
0.3319001495838165 0.7296003103256226 -0.5408003330230713
-0.4308002591133118 0.3491001725196838 -0.2524001300334930
-0.4502002596855164 0.3645001947879791 -0.2218001633882523
-0.4348002374172211 0.3633002042770386 -0.1707000881433487
-0.4115001857280731 0.3633002042770386 -0.1707000881433487
-0.2105001062154770 0.7148002386093140 -1.1141005754470825
0.2196001112461090 0.8176003098487854 -1.1283006668090820
0.2294001281261444 0.8442003726959229 -1.1278007030487061
-0.2818001508712769 0.7324002981185913 -1.1033005714416504
-0.2734001576900482 0.7324002981185913 -1.1200007200241089
0.2818001508712769 0.7324002981185913 -1.1033005714416504
0.2659001350402832 0.7426003217697144 -1.0936006307601929
-0.2620001435279846 0.7039002776145935 -1.1213006973266602
-0.3326001763343811 0.4082001447677612 -1.0134005546569824
-0.3163001537322998 0.4171001315116882 -1.0046005249023438
0.2536001503467560 0.8442003726959229 -1.1383006572723389
0.2291001230478287 0.8496003746986389 -1.1653007268905640
0.2229001224040985 0.8496003746986389 -1.1385006904602051
0.1314000785350800 0.8940004110336304 -1.1839007139205933
0.2902001738548279 0.8062003254890442 -0.5942003726959229
0.2786001563072205 0.8147003650665283 -0.6764004230499268
0.2653001546859741 0.8147003650665283 -0.7956004738807678
0.2625001370906830 0.8064003586769104 -0.9095005393028259
0.2259001284837723 0.8147003650665283 -1.1221007108688354
0.3662001788616180 0.3491001129150391 -0.8871004581451416
0.3698001801967621 0.3491001129150391 -0.9101004600524902
0.3476001620292664 0.3491001129150391 -0.9021005034446716
0.2445001453161240 0.8064003586769104 -1.1181006431579590
0.2625001370906830 0.8064003586769104 -0.9095005393028259
0.2637001574039459 0.8147003650665283 -1.1383006572723389
0.2994001805782318 0.8147003650665283 -0.7956004738807678
0.3961002230644226 0.5393002629280090 -0.3123002052307129
0.4348002374172211 0.3633002042770386 -0.1707000881433487
0.3166001737117767 0.8534003496170044 -0.5565003752708435
0.3251001536846161 0.8098003268241882 -0.5835003852844238
0.3899001777172089 0.5904002785682678 -0.3302002251148224
0.3811002075672150 0.6044002771377563 -0.3843002617359161
-0.3899001777172089 0.5904002785682678 -0.3302002251148224
-0.3979002237319946 0.5649002790451050 -0.3524002134799957
-0.3163001537322998 0.4171001315116882 -1.0046005249023438
-0.3662001788616180 0.3491001129150391 -0.8871004581451416
-0.3618001937866211 0.3635001182556152 -0.9017004370689392
-0.3961002230644226 0.5393002629280090 -0.3123002052307129
-0.4502002596855164 0.3645001947879791 -0.2218001633882523
-0.2253001332283020 0.8031003475189209 -1.1418006420135498
0.3283002078533173 0.6877002716064453 -0.5937003493309021
-0.2816001474857330 0.6793003082275391 -1.0660005807876587
0.4502002596855164 0.3645001947879791 -0.2218001633882523
0.4308002591133118 0.3491001725196838 -0.2524001300334930
0.4348002374172211 0.3633002042770386 -0.1707000881433487
-0.2908001542091370 0.8039003610610962 -0.5924003720283508
-0.3251001536846161 0.8098003268241882 -0.5835003852844238
0.2445001453161240 0.8064003586769104 -1.1181006431579590
0.2786001563072205 0.8147003650665283 -0.6764004230499268
0.2902001738548279 0.8062003254890442 -0.5942003726959229
-0.3094001710414886 0.7296003103256226 -0.5408003330230713
0.3166001737117767 0.8534003496170044 -0.5565003752708435
0.2902001738548279 0.8062003254890442 -0.5942003726959229
0.2902001738548279 0.8062003254890442 -0.5942003726959229
0.3319001495838165 0.7296003103256226 -0.5408003330230713
-0.4348002374172211 0.3633002042770386 -0.1707000881433487
-0.4308002591133118 0.3491001725196838 -0.2524001300334930
-0.4502002596855164 0.3645001947879791 -0.2218001633882523
-0.4348002374172211 0.3633002042770386 -0.1707000881433487
-0.3899001777172089 0.5904002785682678 -0.3302002251148224
-0.2816001474857330 0.6793003082275391 -1.0660005807876587
-0.3094001710414886 0.7296003103256226 -0.5408003330230713
-0.3047001659870148 0.3713001310825348 -0.9959005117416382
0.4502002596855164 0.3645001947879791 -0.2218001633882523
-0.2818001508712769 0.7324002981185913 -1.1033005714416504
-0.0982000529766083 0.1164001449942589 1.1166005134582520
-0.1202000677585602 0.1524001657962799 1.1619005203247070
-0.0894000455737114 0.1402001529932022 1.1647005081176758
-0.0982000529766083 0.1414001584053040 1.2037005424499512
-0.0703000426292419 0.0999001339077950 1.1985006332397461
-0.0842000469565392 0.1148001402616501 1.2424006462097168
-0.0433000214397907 0.1062001436948776 1.2795006036758423
-0.0406000204384327 0.1454001516103745 1.2919007539749146
-0.0287000145763159 0.1145001426339149 1.2933007478713989
-0.0120000066235662 0.1222001463174820 1.3102006912231445
0.0000000000000000 0.0992001295089722 1.2898006439208984
0.0000000000000000 0.1218001469969749 1.3130006790161133
0.0120000066235662 0.1222001463174820 1.3102006912231445
0.0162000078707933 0.1576001644134521 1.3090006113052368
0.0406000204384327 0.1454001516103745 1.2919007539749146
0.0399000197649002 0.1768001765012741 1.2679007053375244
0.0790000408887863 0.1523001641035080 1.2629007101058960
0.0688000395894051 0.1711001694202423 1.2168006896972656
0.0913000479340553 0.1560001671314240 1.2280006408691406
0.0870000422000885 0.2068001925945282 1.1756006479263306
0.1097000613808632 0.1868001818656921 1.1898006200790405
0.0983000546693802 0.2131001800298691 1.1250005960464478
0.1261000633239746 0.1920001804828644 1.1531006097793579
0.0865000411868095 0.1905001848936081 1.0829006433486938
0.1254000663757324 0.1814001798629761 1.1121006011962891
0.0631000325083733 0.1276001483201981 1.0663005113601685
0.0908000469207764 0.1245001479983330 1.0819004774093628
0.0418000221252441 0.0713001191616058 1.0440005064010620
0.0813000425696373 0.0732001140713692 1.0686005353927612
0.0481000244617462 0.0359001010656357 1.0543005466461182
0.0870000422000885 0.0501001067459583 1.0735005140304565
0.0641000345349312 0.0107000861316919 1.1039005517959595
0.0862000435590744 0.0762001201510429 1.1044005155563354
0.0622000321745872 0.0305000972002745 1.1270005702972412
0.0471000261604786 0.0479001067578793 1.1282006502151489
0.0238000135868788 0.0497001074254513 1.1436005830764771
-0.0399000197649002 0.1768001765012741 1.2679007053375244
-0.0790000408887863 0.1523001641035080 1.2629007101058960
-0.0688000395894051 0.1711001694202423 1.2168006896972656
-0.0913000479340553 0.1560001671314240 1.2280006408691406
-0.0870000422000885 0.2068001925945282 1.1756006479263306
-0.1097000613808632 0.1868001818656921 1.1898006200790405
-0.0983000546693802 0.2131001800298691 1.1250005960464478
-0.1261000633239746 0.1920001804828644 1.1531006097793579
-0.0865000411868095 0.1905001848936081 1.0829006433486938
-0.1254000663757324 0.1814001798629761 1.1121006011962891
-0.0631000325083733 0.1276001483201981 1.0663005113601685
-0.0908000469207764 0.1245001479983330 1.0819004774093628
-0.0418000221252441 0.0713001191616058 1.0440005064010620
-0.0813000425696373 0.0732001140713692 1.0686005353927612
-0.0481000244617462 0.0359001010656357 1.0543005466461182
-0.0870000422000885 0.0501001067459583 1.0735005140304565
-0.0641000345349312 0.0107000861316919 1.1039005517959595
-0.0862000435590744 0.0762001201510429 1.1044005155563354
-0.0622000321745872 0.0305000972002745 1.1270005702972412
-0.0471000261604786 0.0479001067578793 1.1282006502151489
-0.0238000135868788 0.0497001074254513 1.1436005830764771
0.1143000647425652 0.1846001893281937 1.0060005187988281
0.1143000647425652 0.1802001744508743 1.0554006099700928
0.0925000458955765 0.2515002191066742 1.0119005441665649
0.0925000458955765 0.2471002191305161 1.0613005161285400
0.0353000201284885 0.2929002344608307 1.0156005620956421
0.0353000201284885 0.2885002493858337 1.0650005340576172
-0.0353000201284885 0.2929002344608307 1.0156005620956421
-0.0353000201284885 0.2885002493858337 1.0650005340576172
-0.0925000458955765 0.2515002191066742 1.0119005441665649
-0.0925000458955765 0.2471002191305161 1.0613005161285400
-0.1143000647425652 0.1846001893281937 1.0060005187988281
-0.1143000647425652 0.1802001744508743 1.0554006099700928
-0.0925000458955765 0.1176001429557800 1.0001004934310913
-0.0925000458955765 0.1133001372218132 1.0495005846023560
-0.0353000201284885 0.0762001201510429 0.9965005517005920
-0.0353000201284885 0.0719001218676567 1.0459005832672119
0.0353000201284885 0.0762001201510429 0.9965005517005920
0.0353000201284885 0.0719001218676567 1.0459005832672119
0.0925000458955765 0.1176001429557800 1.0001004934310913
0.0925000458955765 0.1133001372218132 1.0495005846023560
-0.0494000278413296 0.1040001362562180 1.0779005289077759
-0.0467000268399715 0.1293001472949982 1.1004005670547485
-0.0314000174403191 0.0825001224875450 1.1261006593704224
0.0000000000000000 0.1335001587867737 1.1077005863189697
0.0000000000000000 0.0889001265168190 1.1277005672454834
0.0314000174403191 0.0825001224875450 1.1261006593704224
0.0120000066235662 0.0796001255512238 1.1513005495071411
0.0337000153958797 0.0710001215338707 1.1091005802154541
0.0134000079706311 0.0724001154303551 1.1527005434036255
0.0000000000000000 0.0704001188278198 1.1568006277084351
0.0000000000000000 0.0817001238465309 1.1542005538940430
-0.0120000066235662 0.0796001255512238 1.1513005495071411
-0.0337000153958797 0.0710001215338707 1.1091005802154541
-0.0162000078707933 0.1576001644134521 1.3090006113052368
0.0000000000000000 0.1826001703739166 1.2823005914688110
0.0000000000000000 0.1586001664400101 1.3116006851196289
0.0000000000000000 0.0496001094579697 1.0553005933761597
0.0425000227987766 0.0016000808682293 1.0805004835128784
0.0210000108927488 -0.0083999242633581 1.1063005924224854
0.0271000154316425 -0.0022999213542789 1.1275006532669067
0.0000000000000000 -0.0003999202162959 1.1087005138397217
0.0000000000000000 0.0068000834435225 1.1315006017684937
-0.0271000154316425 -0.0022999213542789 1.1275006532669067
-0.0282000135630369 0.0238000918179750 1.1447006464004517
0.0536000318825245 0.2830002307891846 1.1330006122589111
0.0505000278353691 0.2978002429008484 1.0984005928039551
0.0000000000000000 0.2783002257347107 1.0666005611419678
0.0000000000000000 0.3539002537727356 0.9484004974365234
-0.0505000278353691 0.2978002429008484 1.0984005928039551
0.0000000000000000 0.3581002354621887 1.0400005578994751
0.0000000000000000 0.3377002477645874 1.1159005165100098
0.0471000261604786 0.2954002320766449 1.1579005718231201
0.0437000207602978 0.2768002152442932 1.1655005216598511
-0.0425000227987766 0.0016000808682293 1.0805004835128784
-0.0210000108927488 -0.0083999242633581 1.1063005924224854
0.0691000372171402 0.1999001801013947 1.1866005659103394
0.0257000122219324 0.1778001785278320 1.2203006744384766
0.0000000000000000 0.1794002205133438 1.2440005540847778
-0.0257000122219324 0.1778001785278320 1.2203006744384766
0.0000000000000000 0.0509001053869724 1.1450005769729614
0.0000000000000000 0.0231000930070877 1.1470005512237549
0.0282000135630369 0.0238000918179750 1.1447006464004517
0.0810000449419022 0.2577002048492432 1.1618006229400635
0.0833000466227531 0.2290001958608627 1.1809005737304688
0.0755000412464142 0.2689002454280853 1.1941006183624268
0.0746000409126282 0.2304002046585083 1.2248005867004395
0.0627000331878662 0.2612002193927765 1.2272006273269653
0.0241000130772591 0.2005001902580261 1.2472006082534790
0.0138000072911382 0.2089001983404160 1.2445006370544434
0.0158000085502863 0.1947001963853836 1.2380006313323975
-0.0134000079706311 0.0724001154303551 1.1527005434036255
0.0000000000000000 0.0662001147866249 1.1113005876541138
0.0495000258088112 0.3473002612590790 1.0447006225585938
0.0234000124037266 0.2813002467155457 1.1092005968093872
0.0744000375270844 0.2810002267360687 1.0961005687713623
0.0437000207602978 0.2765002250671387 1.1656006574630737
0.0721000358462334 0.3088002502918243 1.1161005496978760
0.0546000301837921 0.3287002444267273 1.1313005685806274
-0.0234000124037266 0.2813002467155457 1.1092005968093872
-0.0495000258088112 0.3473002612590790 1.0447006225585938
-0.0744000375270844 0.2810002267360687 1.0961005687713623
-0.0721000358462334 0.3088002502918243 1.1161005496978760
-0.0437000207602978 0.2765002250671387 1.1656006574630737
-0.0546000301837921 0.3287002444267273 1.1313005685806274
-0.0316000171005726 0.2727002203464508 1.1910005807876587
-0.0437000207602978 0.2765002250671387 1.1655005216598511
-0.0321000181138515 0.2986002564430237 1.1871006488800049
-0.0471000261604786 0.2954002320766449 1.1579005718231201
0.0000000000000000 0.3589002490043640 1.1453006267547607
0.0000000000000000 0.3771002590656281 1.0463005304336548
0.0000000000000000 0.3247002363204956 1.0945005416870117
-0.0721000358462334 0.1207001507282257 1.1220005750656128
0.0000000000000000 0.1247001439332962 1.1118005514144897
0.0000000000000000 0.1617001593112946 1.1680005788803101
0.0894000455737114 0.1402001529932022 1.1647005081176758
0.0000000000000000 0.1183001399040222 1.2376005649566650
0.0703000426292419 0.0999001339077950 1.1985006332397461
0.0360000170767307 0.0920001342892647 1.2544006109237671
0.0649000331759453 0.0769001245498657 1.1081005334854126
0.0721000358462334 0.1207001507282257 1.1220005750656128
0.0982000529766083 0.1164001449942589 1.1166005134582520
0.1202000677585602 0.1524001657962799 1.1619005203247070
0.0982000529766083 0.1414001584053040 1.2037005424499512
-0.1175000667572021 0.3451001942157745 1.1738005876541138
-0.1105000600218773 0.3212002515792847 1.1392005681991577
-0.1227000728249550 0.3078002631664276 1.1537005901336670
-0.1095000579953194 0.2794002294540405 1.1474006175994873
-0.1265000700950623 0.2660002112388611 1.1209005117416382
-0.0932000502943993 0.2307001948356628 1.1260006427764893
-0.0689000338315964 0.2573001980781555 1.0971006155014038
0.0000000000000000 0.0823001265525818 1.0876004695892334
-0.0649000331759453 0.0769001245498657 1.1081005334854126
0.0000000000000000 0.1028001382946968 1.2716006040573120
0.0287000145763159 0.1145001426339149 1.2933007478713989
0.0000000000000000 0.2021001875400543 1.2508006095886230
0.0000000000000000 0.2578002214431763 1.2222006320953369
0.0316000171005726 0.2727002203464508 1.1910005807876587
0.1175000667572021 0.3451001942157745 1.1738005876541138
0.1288000643253326 0.3248002529144287 1.1271005868911743
0.1410000771284103 0.3114002645015717 1.1417006254196167
0.1085000634193420 0.2857002317905426 1.0995005369186401
0.1265000700950623 0.2660002112388611 1.1209005117416382
0.0689000338315964 0.2573001980781555 1.0971006155014038
0.0932000502943993 0.2307001948356628 1.1260006427764893
0.1227000728249550 0.3078002631664276 1.1537005901336670
0.1095000579953194 0.2794002294540405 1.1474006175994873
-0.1410000771284103 0.3114002645015717 1.1417006254196167
-0.1288000643253326 0.3248002529144287 1.1271005868911743
-0.1085000634193420 0.2857002317905426 1.0995005369186401
-0.0916000455617905 0.2990002334117889 1.1260006427764893
-0.0536000318825245 0.2830002307891846 1.1330006122589111
-0.0695000365376472 0.2279002070426941 1.1930005550384521
-0.0833000466227531 0.2290001958608627 1.1809005737304688
-0.0746000409126282 0.2304002046585083 1.2248005867004395
-0.0755000412464142 0.2689002454280853 1.1941006183624268
-0.0627000331878662 0.2612002193927765 1.2272006273269653
-0.0441000238060951 0.2564002275466919 1.1968005895614624
-0.0138000072911382 0.2089001983404160 1.2445006370544434
-0.0587000288069248 0.2634002268314362 1.1759005784988403
-0.0437000207602978 0.2768002152442932 1.1655005216598511
0.0000000000000000 0.2642002105712891 1.0261005163192749
-0.0792000442743301 0.2121001929044724 1.0272005796432495
-0.0792000442743301 0.1449001580476761 1.0205005407333374
0.0000000000000000 0.1120001450181007 1.0553005933761597
-0.0691000372171402 0.1999001801013947 1.1866005659103394
0.0695000365376472 0.2279002070426941 1.1930005550384521
0.0792000442743301 0.1449001580476761 1.0205005407333374
0.0792000442743301 0.2121001929044724 1.0272005796432495
-0.0158000085502863 0.1947001963853836 1.2380006313323975
-0.0241000130772591 0.2005001902580261 1.2472006082534790
0.1105000600218773 0.3212002515792847 1.1392005681991577
0.0916000455617905 0.2990002334117889 1.1260006427764893
0.0842000469565392 0.1148001402616501 1.2424006462097168
0.0433000214397907 0.1062001436948776 1.2795006036758423
-0.0810000449419022 0.2577002048492432 1.1618006229400635
0.0587000288069248 0.2634002268314362 1.1759005784988403
0.0441000238060951 0.2564002275466919 1.1968005895614624
0.0101000051945448 0.0528001077473164 1.1145005226135254
0.0320000164210796 0.0597001127898693 1.1033005714416504
0.0237000118941069 0.0742001235485077 1.1520005464553833
0.0320000164210796 0.0429001040756702 1.1294006109237671
0.0846000462770462 0.1406001597642899 1.1737005710601807
0.0531000271439552 0.1531001627445221 1.1625006198883057
0.0565000325441360 0.1203001514077187 1.1540005207061768
0.0577000305056572 0.1307001560926437 1.1866005659103394
-0.0320000164210796 0.0597001127898693 1.1033005714416504
-0.0101000051945448 0.0528001077473164 1.1145005226135254
-0.0237000118941069 0.0742001235485077 1.1520005464553833
-0.0320000164210796 0.0429001040756702 1.1294006109237671
-0.0531000271439552 0.1531001627445221 1.1625006198883057
-0.0846000462770462 0.1406001597642899 1.1737005710601807
-0.0565000325441360 0.1203001514077187 1.1540005207061768
-0.0577000305056572 0.1307001560926437 1.1866005659103394
0.0467000268399715 0.1293001472949982 1.1004005670547485
0.0494000278413296 0.1040001362562180 1.0779005289077759
0.0321000181138515 0.2986002564430237 1.1871006488800049
-0.0439000204205513 0.0983001291751862 1.1001005172729492
-0.0711000412702560 0.1140001416206360 1.1038005352020264
-0.0491000264883041 0.1090001389384270 1.1427005529403687
-0.0435000211000443 0.1305001527070999 1.1059005260467529
0.0000000000000000 0.3583002388477325 1.1918005943298340
0.0000000000000000 0.2976002395153046 1.2176005840301514
0.0598000325262547 0.0768001228570938 1.0976005792617798
0.0343000181019306 0.0666001141071320 1.0989005565643311
0.0451000258326530 0.0895001292228699 1.1366006135940552
0.0412000194191933 0.0923001319169998 1.0952005386352539
0.0711000412702560 0.1140001416206360 1.1038005352020264
0.0439000204205513 0.0983001291751862 1.1001005172729492
0.0467000268399715 0.1090001389384270 1.1427005529403687
0.0435000211000443 0.1305001527070999 1.1059005260467529
0.0546000301837921 0.1293001472949982 1.1829006671905518
0.0433000214397907 0.1152001395821571 1.2025007009506226
0.0535000264644623 0.0924001336097717 1.1723005771636963
0.0760000422596931 0.1189001426100731 1.2029006481170654
0.0409000217914581 0.1183001399040222 1.2072005271911621
0.0246000140905380 0.1086001396179199 1.2361006736755371
0.0335000157356262 0.0676001161336899 1.1952005624771118
0.0579000301659107 0.1037001386284828 1.2330006361007690
-0.0343000181019306 0.0666001141071320 1.0989005565643311
-0.0598000325262547 0.0768001228570938 1.0976005792617798
-0.0451000258326530 0.0895001292228699 1.1366006135940552
-0.0412000194191933 0.0923001319169998 1.0952005386352539
-0.0433000214397907 0.1152001395821571 1.2025007009506226
-0.0546000301837921 0.1293001472949982 1.1829006671905518
-0.0535000264644623 0.0924001336097717 1.1723005771636963
-0.0760000422596931 0.1189001426100731 1.2029006481170654
-0.0246000140905380 0.1086001396179199 1.2361006736755371
-0.0409000217914581 0.1183001399040222 1.2072005271911621
-0.0335000157356262 0.0676001161336899 1.1952005624771118
-0.0579000301659107 0.1037001386284828 1.2330006361007690
-0.0360000170767307 0.0920001342892647 1.2544006109237671
0.0000000000000000 0.1252001523971558 1.0191005468368530
3 2 1 0
3 3 1 2
3 6 5 4
3 7 5 6
3 10 9 8
3 11 9 10
3 12 11 10
3 13 11 12
3 11 14 9
3 15 14 11
3 13 15 11
3 16 15 13
3 15 8 14
3 10 8 15
3 16 10 15
3 12 10 16
3 19 18 17
3 20 18 19
3 20 21 18
3 22 21 20
3 22 17 21
3 19 17 22
3 25 24 23
3 26 24 25
3 26 27 24
3 28 27 26
3 28 23 27
3 25 23 28
3 31 30 29
3 32 30 31
3 33 32 31
3 34 32 33
3 35 34 33
3 38 37 36
3 39 37 38
3 40 39 38
3 41 39 40
3 44 43 42
3 45 43 44
3 46 45 44
3 49 48 47
3 50 48 49
3 51 50 49
3 52 35 33
3 53 35 52
3 54 53 52
3 57 56 55
3 58 56 57
3 59 46 44
3 60 46 59
3 62 58 61
3 63 58 62
3 66 65 64
3 67 65 66
3 70 69 68
3 71 69 70
3 74 73 72
3 75 73 74
3 78 77 76
3 79 77 78
3 81 71 80
3 69 71 81
3 84 83 82
3 85 83 84
3 88 87 86
3 89 87 88
3 92 91 90
3 93 91 92
3 96 95 94
3 97 95 96
3 100 99 98
3 101 99 100
3 104 103 102
3 105 103 104
3 67 106 65
3 107 106 67
3 110 109 108
3 111 109 110
3 114 113 112
3 115 113 114
3 118 117 116
3 119 117 118
3 122 121 120
3 123 121 122
3 126 125 124
3 127 125 126
3 130 129 128
3 131 129 130
3 134 133 132
3 135 133 134
3 138 137 136
3 139 137 138
3 49 140 51
3 63 56 58
3 143 142 141
3 144 142 143
3 147 146 145
3 148 146 147
3 149 148 147
3 150 148 149
3 151 150 149
3 152 150 151
3 153 152 151
3 154 152 153
3 155 154 153
3 156 154 155
3 145 156 155
3 146 156 145
3 159 158 157
3 160 158 159
3 161 160 159
3 162 160 161
3 163 162 161
3 164 162 163
3 165 164 163
3 166 164 165
3 167 166 165
3 168 166 167
3 157 168 167
3 158 168 157
3 171 170 169
3 172 170 171
3 173 172 171
3 174 172 173
3 175 174 173
3 176 174 175
3 177 176 175
3 178 176 177
3 169 178 177
3 170 178 169
3 181 180 179
3 182 180 181
3 183 182 181
3 184 182 183
3 185 184 183
3 186 184 185
3 187 186 185
3 188 186 187
3 179 188 187
3 180 188 179
3 191 190 189
3 192 190 191
3 193 192 191
3 194 192 193
3 195 194 193
3 196 194 195
3 197 196 195
3 198 196 197
3 189 198 197
3 190 198 189
3 201 200 199
3 202 200 201
3 203 202 201
3 204 202 203
3 205 204 203
3 206 204 205
3 207 206 205
3 208 206 207
3 209 208 207
3 210 208 209
3 213 212 211
3 214 212 213
3 215 214 213
3 216 214 215
3 217 216 215
3 218 216 217
3 219 218 217
3 220 218 219
3 221 220 219
3 222 220 221
3 225 224 223
3 226 224 225
3 227 226 225
3 228 226 227
3 229 228 227
3 230 228 229
3 231 230 229
3 232 230 231
3 233 232 231
3 234 232 233
3 237 236 235
3 238 236 237
3 239 238 237
3 240 238 239
3 241 240 239
3 242 240 241
3 243 242 241
3 244 242 243
3 247 246 245
3 248 246 247
3 249 248 247
3 250 248 249
3 251 250 249
3 252 250 251
3 253 252 251
3 254 252 253
3 257 256 255
3 258 256 257
3 259 258 257
3 260 258 259
3 261 260 259
3 262 260 261
3 265 264 263
3 266 264 265
3 267 266 265
3 268 266 267
3 269 268 267
3 272 271 270
3 273 271 272
3 274 273 272
3 275 273 274
3 276 275 274
3 279 278 277
3 280 278 279
3 281 280 279
3 282 280 281
3 283 282 281
3 286 285 284
3 287 285 286
3 288 287 286
3 289 287 288
3 292 291 290
3 293 291 292
3 294 293 292
3 295 293 294
3 244 296 242
3 297 296 244
3 298 297 244
3 263 300 299
3 301 300 263
3 264 301 263
3 304 303 302
3 305 303 304
3 235 305 304
3 270 307 306
3 308 307 270
3 271 308 270
3 311 310 309
3 312 310 311
3 313 312 311
3 316 315 314
3 317 315 316
3 318 317 316
3 321 320 319
3 322 320 321
3 323 322 321
3 326 325 324
3 327 325 326
3 328 327 326
3 331 330 329
3 332 330 331
3 333 332 331
3 255 335 334
3 336 335 255
3 256 336 255
3 339 338 337
3 340 338 339
3 341 340 339
3 344 343 342
3 345 343 344
3 262 345 344
3 348 347 346
3 349 347 348
3 352 351 350
3 353 351 352
3 356 355 354
3 357 355 356
3 360 359 358
3 361 359 360
3 361 362 359
3 363 362 361
3 363 358 362
3 360 358 363
3 366 365 364
3 367 365 366
3 367 368 365
3 369 368 367
3 369 364 368
3 366 364 369
3 372 371 370
3 373 371 372
3 373 374 371
3 375 374 373
3 375 370 374
3 372 370 375
3 378 377 376
3 379 377 378
3 379 380 377
3 381 380 379
3 381 376 380
3 378 376 381
3 224 233 223
3 234 233 224
3 212 221 211
3 222 221 212
3 200 209 199
3 210 209 200
3 384 383 382
3 385 383 384
3 385 386 383
3 387 386 385
3 390 389 388
3 391 389 390
3 387 392 386
3 393 392 387
3 393 394 392
3 395 394 393
3 395 396 394
3 397 396 395
3 384 396 397
3 382 396 384
3 400 399 398
3 401 399 400
3 401 402 399
3 403 402 401
3 403 404 402
3 405 404 403
3 405 406 404
3 407 406 405
3 407 408 406
3 409 408 407
3 400 408 409
3 398 408 400
3 307 410 306
3 411 410 307
3 411 276 410
3 275 276 411
3 349 412 347
3 413 412 349
3 416 415 414
3 417 415 416
3 420 419 418
3 421 419 420
3 424 423 422
3 425 423 424
3 428 427 426
3 429 427 428
3 432 431 430
3 433 431 432
3 436 435 434
3 437 435 436
3 440 439 438
3 441 439 440
3 444 443 442
3 445 443 444
3 448 447 446
3 449 447 448
3 452 451 450
3 453 451 452
3 456 455 454
3 457 455 456
3 457 458 455
3 459 458 457
3 459 460 458
3 461 460 459
3 461 462 460
3 463 462 461
3 454 463 456
3 462 463 454
3 466 465 464
3 467 465 466
3 467 468 465
3 469 468 467
3 469 470 468
3 471 470 469
3 471 472 470
3 473 472 471
3 464 473 466
3 472 473 464
3 476 475 474
3 477 475 476
3 480 479 478
3 481 479 480
3 481 482 479
3 483 482 481
3 474 483 476
3 482 483 474
3 486 485 484
3 487 485 486
3 489 487 488
3 485 487 489
3 492 491 490
3 493 491 492
3 495 493 494
3 491 493 495
3 496 235 304
3 237 235 496
3 499 498 497
3 500 498 499
3 503 502 501
3 504 502 503
3 507 506 505
3 508 506 507
3 511 510 509
3 512 510 511
3 515 514 513
3 516 514 515
3 519 518 517
3 520 518 519
3 520 521 518
3 522 521 520
3 522 300 521
3 299 300 522
3 525 524 523
3 526 524 525
3 526 527 524
3 528 527 526
3 528 278 527
3 277 278 528
3 477 478 475
3 480 478 477
3 531 530 529
3 283 530 531
3 534 533 532
3 535 533 534
3 538 537 536
3 539 537 538
3 542 541 540
3 543 541 542
3 546 545 544
3 547 545 546
3 550 549 548
3 551 549 550
3 554 553 552
3 555 553 554
3 558 557 556
3 559 557 558
3 562 561 560
3 563 561 562
3 566 565 564
3 567 565 566
3 570 569 568
3 571 569 570
3 574 573 572
3 575 573 574
3 577 335 576
3 334 335 577
3 262 578 260
3 344 578 262
3 581 580 579
3 582 580 581
3 582 583 580
3 584 583 582
3 584 585 583
3 586 585 584
3 586 587 585
3 588 587 586
3 591 590 589
3 592 590 591
3 595 594 593
3 596 594 595
3 599 598 597
3 600 598 599
3 603 602 601
3 604 602 603
3 607 606 605
3 608 606 607
3 611 610 609
3 612 610 611
3 615 614 613
3 616 614 615
3 616 617 614
3 618 617 616
3 618 619 617
3 620 619 618
3 620 621 619
3 622 621 620
3 622 623 621
3 624 623 622
3 624 613 623
3 615 613 624
3 627 626 625
3 628 626 627
3 631 630 629
3 632 630 631
3 635 634 633
3 636 634 635
3 639 638 637
3 640 638 639
3 643 642 641
3 644 642 643
3 647 646 645
3 648 646 647
3 648 649 646
3 650 649 648
3 650 651 649
3 652 651 650
3 652 653 651
3 654 653 652
3 654 655 653
3 656 655 654
3 645 656 647
3 655 656 645
3 659 658 657
3 660 658 659
3 663 662 661
3 664 662 663
3 667 666 665
3 668 666 667
3 668 669 666
3 670 669 668
3 670 665 669
3 667 665 670
3 413 346 412
3 348 346 413
3 673 672 671
3 676 675 674
3 678 677 675
3 680 679 677
3 678 681 679
3 683 682 681
3 684 674 682
3 687 686 685
3 689 685 688
3 691 688 690
3 693 690 692
3 696 695 694
3 697 694 686
3 700 699 698
3 702 701 699
3 704 703 701
3 706 671 705
3 708 698 707
3 711 710 709
3 713 709 712
3 715 712 714
3 717 714 716
3 719 718 710
3 722 721 720
3 724 720 723
3 726 723 725
3 728 725 727
3 731 730 729
3 732 729 721
3 735 734 733
3 737 736 734
3 740 739 738
3 743 742 741
3 738 745 744
3 745 747 746
3 747 749 748
3 751 733 750
3 753 739 752
3 283 281 530
3 749 753 754
3 756 742 755
3 329 333 331
3 758 756 757
3 324 328 326
3 760 758 759
3 319 323 321
3 762 760 761
3 318 316 314
3 741 762 763
3 313 311 309
3 765 764 718
3 767 750 766
3 769 766 768
3 770 768 736
3 341 339 337
3 773 772 771
3 774 772 773
3 775 774 773
3 776 774 775
3 779 778 777
3 780 778 779
3 783 782 781
3 784 782 783
3 787 786 785
3 788 786 787
3 791 790 789
3 792 790 791
3 795 794 793
3 796 794 795
3 799 798 797
3 800 798 799
3 803 802 801
3 804 802 803
3 807 806 805
3 808 806 807
3 811 810 809
3 812 810 811
3 815 814 813
3 816 814 815
3 819 818 817
3 820 818 819
3 823 822 821
3 824 822 823
3 827 826 825
3 828 826 827
3 831 830 829
3 832 830 831
3 835 834 833
3 836 834 835
3 839 838 837
3 840 838 839
3 843 842 841
3 844 842 843
3 847 846 845
3 848 846 847
3 851 850 849
3 852 850 851
3 855 854 853
3 856 854 855
3 859 858 857
3 860 858 859
3 863 862 861
3 864 862 863
3 867 866 865
3 868 866 867
3 871 870 869
3 872 870 871
3 875 874 873
3 876 874 875
3 879 878 877
3 880 878 879
3 883 882 881
3 884 882 883
3 887 886 885
3 888 886 887
3 891 890 889
3 892 890 891
3 895 894 893
3 896 894 895
3 899 898 897
3 900 898 899
3 903 902 901
3 904 902 903
3 907 906 905
3 908 906 907
3 911 910 909
3 912 910 911
3 915 914 913
3 916 914 915
3 919 918 917
3 920 918 919
3 923 922 921
3 924 922 923
3 927 926 925
3 928 926 927
3 931 930 929
3 932 930 931
3 935 934 933
3 936 934 935
3 939 938 937
3 940 938 939
3 942 796 941
3 794 796 942
3 945 944 943
3 946 944 945
3 948 945 947
3 946 945 948
3 950 947 949
3 948 947 950
3 953 952 951
3 954 952 953
3 957 956 955
3 958 956 957
3 954 957 952
3 958 957 954
3 961 960 959
3 962 960 961
3 964 961 963
3 962 961 964
3 967 966 965
3 968 966 967
3 966 970 969
3 971 970 966
3 974 973 972
3 975 973 974
3 978 977 976
3 979 977 978
3 972 980 974
3 981 980 972
3 982 979 973
3 983 979 982
3 986 985 984
3 987 985 986
3 987 988 985
3 989 988 987
3 989 990 988
3 991 990 989
3 991 992 990
3 993 992 991
3 993 994 992
3 995 994 993
3 995 996 994
3 997 996 995
3 997 998 996
3 999 998 997
3 999 1000 998
3 1001 1000 999
3 1001 1002 1000
3 1003 1002 1001
3 1003 984 1002
3 986 984 1003
3 1006 1005 1004
3 1007 1005 1006
3 1007 1008 1005
3 1009 1008 1007
3 1009 1010 1008
3 1011 1010 1009
3 1011 1012 1010
3 1013 1012 1011
3 1013 1014 1012
3 1015 1014 1013
3 1015 1016 1014
3 1017 1016 1015
3 1017 1018 1016
3 1019 1018 1017
3 1019 1020 1018
3 1021 1020 1019
3 1021 1022 1020
3 1023 1022 1021
3 1023 1004 1022
3 1006 1004 1023
3 1026 1025 1024
3 1027 1025 1026
3 1027 1028 1025
3 1029 1028 1027
3 1029 1030 1028
3 1031 1030 1029
3 1031 1032 1030
3 1033 1032 1031
3 1033 1034 1032
3 1035 1034 1033
3 1035 1036 1034
3 1037 1036 1035
3 1037 1038 1036
3 1039 1038 1037
3 1039 1040 1038
3 1041 1040 1039
3 1041 1042 1040
3 1043 1042 1041
3 1043 1024 1042
3 1026 1024 1043
3 1046 1045 1044
3 1047 1045 1046
3 1050 1049 1048
3 1051 1049 1050
3 1054 1053 1052
3 1055 1053 1054
3 1058 1057 1056
3 1059 1057 1058
3 1062 1061 1060
3 1063 1061 1062
3 1066 1065 1064
3 1067 1065 1066
3 1068 1067 1066
3 1069 1067 1068
3 1070 1069 1068
3 1071 1069 1070
3 1072 1071 1070
3 1073 1071 1072
3 1076 1075 1074
3 1077 1075 1076
3 1078 1077 1076
3 1079 1077 1078
3 1080 1079 1078
3 1081 1079 1080
3 1074 1081 1080
3 1075 1081 1074
3 1084 1083 1082
3 1085 1083 1084
3 1086 1085 1084
3 1087 1085 1086
3 1088 1087 1086
3 1089 1087 1088
3 1082 1089 1088
3 1083 1089 1082
3 1092 1091 1090
3 1093 1091 1092
3 1094 1093 1092
3 1095 1093 1094
3 1096 1081 1075
3 1097 1081 1096
3 1098 1097 1096
3 1099 1097 1098
3 1097 1079 1081
3 1100 1079 1097
3 1099 1100 1097
3 1101 1100 1099
3 1100 1077 1079
3 1102 1077 1100
3 1101 1102 1100
3 1103 1102 1101
3 1102 1075 1077
3 1096 1075 1102
3 1103 1096 1102
3 1098 1096 1103
3 1104 1089 1083
3 1105 1089 1104
3 1106 1105 1104
3 1107 1105 1106
3 1105 1087 1089
3 1108 1087 1105
3 1107 1108 1105
3 1109 1108 1107
3 1108 1085 1087
3 1110 1085 1108
3 1109 1110 1108
3 1111 1110 1109
3 1114 1113 1112
3 1115 1113 1114
3 1116 1115 1114
3 1117 1115 1116
3 1119 1118 1095
3 1120 1118 1119
3 1121 1120 1119
3 1122 1120 1121
3 1067 1123 1065
3 1124 1123 1067
3 1125 1124 1067
3 1125 1071 1126
3 1069 1071 1125
3 1067 1069 1125
3 1110 1083 1085
3 1104 1083 1110
3 1111 1104 1110
3 1118 1093 1095
3 1091 1093 1118
3 1127 1091 1118
3 1120 1127 1118
3 1128 1127 1120
3 1129 1128 1120
3 1132 1131 1130
3 1133 1131 1132
3 1136 1135 1134
3 1137 1135 1136
3 1140 1139 1138
3 1141 1139 1140
3 1144 1143 1142
3 1145 1143 1144
3 1146 1071 1073
3 1126 1071 1146
3 1149 1148 1147
3 1150 1148 1149
3 1153 1152 1151
3 1154 1152 1153
3 1157 1156 1155
3 1158 1156 1157
3 1152 1160 1159
3 1154 1160 1152
3 1162 1155 1161
3 1157 1155 1162
3 1148 1164 1163
3 1150 1164 1148
3 1166 1113 1165
3 1112 1113 1166
3 1120 1167 1129
3 1122 1167 1120
3 1104 1111 1106
3 1170 1169 1168
3 1171 1169 1170
3 1172 1171 1170
3 1173 1171 1172
3 1174 1173 1172
3 1175 1173 1174
3 1176 1175 1174
3 1177 1175 1176
3 1178 1177 1176
3 1179 1177 1178
3 1180 1179 1178
3 1181 1179 1180
3 1182 1181 1180
3 1183 1181 1182
3 1184 1183 1182
3 1185 1183 1184
3 1186 1185 1184
3 1187 1185 1186
3 1188 1187 1186
3 1189 1187 1188
3 1190 1189 1188
3 1191 1189 1190
3 1192 1191 1190
3 1193 1191 1192
3 1194 1193 1192
3 1197 1196 1195
3 1198 1196 1197
3 1199 1198 1197
3 1200 1198 1199
3 1201 1200 1199
3 1202 1200 1201
3 1203 1202 1201
3 1204 1202 1203
3 1205 1204 1203
3 1206 1204 1205
3 1207 1206 1205
3 1208 1206 1207
3 1209 1208 1207
3 1210 1208 1209
3 1211 1210 1209
3 1212 1210 1211
3 1213 1212 1211
3 1214 1212 1213
3 1215 1214 1213
3 1216 1214 1215
3 1217 1216 1215
3 1218 1216 1217
3 1219 1218 1217
3 1222 1221 1220
3 1223 1221 1222
3 1224 1223 1222
3 1225 1223 1224
3 1226 1225 1224
3 1227 1225 1226
3 1228 1227 1226
3 1229 1227 1228
3 1230 1229 1228
3 1231 1229 1230
3 1232 1231 1230
3 1233 1231 1232
3 1234 1233 1232
3 1235 1233 1234
3 1236 1235 1234
3 1237 1235 1236
3 1238 1237 1236
3 1239 1237 1238
3 1240 1239 1238
3 1241 1239 1240
3 1242 1241 1240
3 1245 1244 1243
3 1246 1244 1245
3 1247 1246 1245
3 1248 1246 1247
3 1249 1248 1247
3 1250 1248 1249
3 1251 1250 1249
3 1252 1250 1251
3 1253 1252 1251
3 1254 1252 1253
3 1257 1256 1255
3 1258 1256 1257
3 1259 1258 1257
3 1260 1258 1259
3 1261 1260 1259
3 1262 1260 1261
3 1263 1262 1261
3 1264 1262 1263
3 1265 1264 1263
3 1266 1264 1265
3 1266 1267 1264
3 1268 1267 1266
3 1269 1268 1266
3 1270 1268 1269
3 1271 1270 1269
3 1272 1270 1271
3 1273 1272 1271
3 1274 1272 1273
3 1277 1276 1275
3 1278 1276 1277
3 1279 1278 1277
3 1280 1278 1279
3 1281 1280 1279
3 1282 1280 1281
3 1283 1282 1281
3 1286 1285 1284
3 1287 1285 1286
3 1288 1287 1286
3 1289 1287 1288
3 1290 1289 1288
3 1293 1292 1291
3 1294 1292 1293
3 1295 1294 1293
3 1296 1294 1295
3 1297 1296 1295
3 1300 1299 1298
3 1301 1299 1300
3 1302 1301 1300
3 1303 1301 1302
3 1304 1303 1302
3 1307 1306 1305
3 1308 1306 1307
3 1309 1308 1307
3 1310 1308 1309
3 1311 1310 1309
3 1314 1313 1312
3 1315 1313 1314
3 1284 1315 1314
3 1316 1315 1284
3 1285 1316 1284
3 1319 1318 1317
3 1320 1318 1319
3 1321 1320 1319
3 1322 1320 1321
3 1323 1322 1321
3 1326 1325 1324
3 1327 1325 1326
3 1328 1327 1326
3 1329 1327 1328
3 1330 1329 1328
3 1333 1332 1331
3 1334 1332 1333
3 1335 1334 1333
3 1336 1334 1335
3 1337 1336 1335
3 1340 1339 1338
3 1341 1339 1340
3 1342 1341 1340
3 1343 1341 1342
3 1346 1345 1344
3 1347 1345 1346
3 1348 1347 1346
3 1349 1347 1348
3 1350 1330 1328
3 1351 1330 1350
3 1352 1351 1350
3 1353 1351 1352
3 1356 1355 1354
3 1357 1355 1356
3 1358 1357 1356
3 1359 1357 1358
3 1362 1361 1360
3 1363 1361 1362
3 1364 1363 1362
3 1365 1363 1364
3 1368 1367 1366
3 1369 1367 1368
3 1370 1369 1368
3 1371 1369 1370
3 1374 1373 1372
3 1375 1373 1374
3 1376 1375 1374
3 1377 1375 1376
3 1378 1255 1256
3 1274 1255 1378
3 1379 1274 1378
3 1272 1274 1379
3 1382 1381 1380
3 1383 1381 1382
3 1384 1383 1382
3 1385 1383 1384
3 1386 1284 1314
3 1286 1284 1386
3 1387 1286 1386
3 1388 1286 1387
3 1391 1390 1389
3 1243 1390 1391
3 1392 1243 1391
3 1245 1243 1392
3 1254 1393 1252
3 1394 1393 1254
3 1395 1394 1254
3 1396 1394 1395
3 1399 1398 1397
3 1400 1398 1399
3 1401 1400 1399
3 1402 1400 1401
3 1405 1404 1403
3 1406 1404 1405
3 1407 1406 1405
3 1408 1406 1407
3 1391 1410 1409
3 1411 1410 1391
3 1389 1411 1391
3 1412 1411 1389
3 1415 1414 1413
3 1416 1414 1415
3 1417 1416 1415
3 1420 1419 1418
3 1421 1419 1420
3 1422 1421 1420
3 1425 1424 1423
3 1426 1424 1425
3 1427 1426 1425
3 1195 1429 1428
3 1430 1429 1195
3 1196 1430 1195
3 1433 1432 1431
3 1434 1432 1433
3 1435 1434 1433
3 1438 1437 1436
3 1439 1437 1438
3 1440 1439 1438
3 1443 1442 1441
3 1444 1442 1443
3 1445 1444 1443
3 1448 1447 1446
3 1449 1447 1448
3 1450 1449 1448
3 1453 1452 1451
3 1454 1452 1453
3 1455 1454 1453
3 1458 1457 1456
3 1459 1457 1458
3 1460 1459 1458
3 1463 1462 1461
3 1464 1462 1463
3 1411 1464 1463
3 1466 1465 1258
3 1467 1465 1466
3 1468 1467 1466
3 1471 1470 1469
3 1472 1470 1471
3 1473 1472 1471
3 1476 1475 1474
3 1477 1475 1476
3 1478 1477 1476
3 1481 1480 1479
3 1482 1480 1481
3 1338 1482 1481
3 1483 1194 1192
3 1484 1194 1483
3 1485 1484 1483
3 1486 1425 1423
3 1487 1425 1486
3 1488 1487 1486
3 1491 1490 1489
3 1492 1490 1491
3 1493 1492 1491
3 1496 1495 1494
3 1497 1495 1496
3 1498 1497 1496
3 1488 1500 1499
3 1501 1500 1488
3 1486 1501 1488
3 1503 1242 1502
3 1504 1242 1503
3 1505 1242 1504
3 1241 1242 1505
3 1508 1507 1506
3 1509 1507 1508
3 1511 1290 1510
3 1289 1290 1511
3 1513 1454 1512
3 1514 1454 1513
3 1515 1338 1481
3 1340 1338 1515
3 1518 1517 1516
3 1519 1517 1518
3 1521 1221 1520
3 1220 1221 1521
3 1524 1523 1522
3 1525 1523 1524
3 1508 1527 1526
3 1506 1527 1508
3 1413 1529 1528
3 1414 1529 1413
3 1532 1531 1530
3 1533 1531 1532
3 1534 1473 1471
3 1535 1473 1534
3 1538 1537 1536
3 1539 1537 1538
3 1542 1541 1540
3 1543 1541 1542
3 1546 1545 1544
3 1547 1545 1546
3 1550 1549 1548
3 1551 1549 1550
3 1552 1450 1448
3 1553 1450 1552
3 1556 1555 1554
3 1557 1555 1556
3 1412 1396 1411
3 1394 1396 1412
3 1560 1559 1558
3 1561 1559 1560
3 1564 1563 1562
3 1565 1563 1564
3 1568 1567 1566
3 1569 1567 1568
3 1567 1269 1570
3 1569 1269 1567
3 1572 1266 1571
3 1269 1266 1572
3 1425 1573 1427
3 1487 1573 1425
3 1574 1488 1499
3 1575 1488 1574
3 1573 1488 1575
3 1487 1488 1573
3 1288 1388 1290
3 1286 1388 1288
3 1578 1577 1576
3 1579 1577 1578
3 1582 1581 1580
3 1583 1581 1582
3 1586 1585 1584
3 1587 1585 1586
3 1292 1442 1291
3 1441 1442 1292
3 1297 1445 1443
3 1295 1445 1297
3 1332 1490 1331
3 1489 1490 1332
3 1337 1493 1491
3 1335 1493 1337
3 1318 1475 1317
3 1474 1475 1318
3 1590 1589 1588
3 1591 1589 1590
3 1594 1593 1592
3 1595 1593 1594
3 1598 1597 1596
3 1599 1597 1598
3 1602 1601 1600
3 1603 1601 1602
3 1606 1605 1604
3 1607 1605 1606
3 1306 1419 1305
3 1418 1419 1306
3 1610 1609 1608
3 1611 1609 1610
3 1614 1613 1612
3 1615 1613 1614
3 1618 1617 1616
3 1619 1617 1618
3 1622 1621 1620
3 1623 1621 1622
3 1626 1625 1624
3 1627 1625 1626
3 1630 1629 1628
3 1631 1629 1630
3 1634 1633 1632
3 1635 1633 1634
3 1638 1637 1636
3 1639 1637 1638
3 1642 1641 1640
3 1643 1641 1642
3 1646 1645 1644
3 1647 1645 1646
3 1650 1649 1648
3 1651 1649 1650
3 1654 1653 1652
3 1655 1653 1654
3 1658 1657 1656
3 1659 1657 1658
3 1660 1589 1591
3 1661 1589 1660
3 1311 1422 1420
3 1309 1422 1311
3 1664 1663 1662
3 1665 1663 1664
3 1668 1667 1666
3 1669 1667 1668
3 1672 1671 1670
3 1673 1671 1672
3 1676 1675 1674
3 1677 1675 1676
3 1680 1679 1678
3 1681 1679 1680
3 1684 1683 1682
3 1685 1683 1684
3 1323 1478 1476
3 1321 1478 1323
3 1688 1687 1686
3 1689 1687 1688
3 1692 1691 1690
3 1693 1691 1692
3 1696 1695 1694
3 1697 1695 1696
3 1700 1699 1698
3 1701 1699 1700
3 1704 1703 1702
3 1705 1703 1704
3 1708 1707 1706
3 1709 1707 1708
3 1712 1711 1710
3 1713 1711 1712
3 1716 1715 1714
3 1717 1715 1716
3 1720 1719 1718
3 1721 1719 1720
3 1724 1723 1722
3 1725 1723 1724
3 1728 1727 1726
3 1729 1727 1728
3 1731 1391 1730
3 1732 1391 1731
3 1734 1266 1733
3 1735 1266 1734
3 1736 1458 1456
3 1737 1458 1736
3 1738 1458 1737
3 1739 1458 1738
3 1740 1458 1739
3 1741 1458 1740
3 1742 1433 1431
3 1743 1433 1742
3 1744 1433 1743
3 1745 1433 1744
3 1746 1433 1745
3 1747 1433 1746
3 1748 1496 1494
3 1749 1496 1748
3 1750 1496 1749
3 1751 1496 1750
3 1752 1496 1751
3 1753 1496 1752
3 1754 1454 1514
3 1217 1755 1219
3 1391 1732 1392
3 1756 1280 1282
3 1741 1460 1458
3 1302 1757 1304
3 1351 1353 1758
3 1266 1735 1759
3 1343 1760 1341
3 1747 1435 1433
3 1535 1761 1473
3 1438 1762 1440
3 1453 1763 1455
3 1411 1463 1764
3 1753 1498 1496
3 1553 1765 1450
3 1509 1766 1507
3 1466 1248 1468
3 1769 1768 1767
3 1770 1768 1769
3 1771 1770 1769
3 1772 1770 1771
3 1773 1772 1771
3 1774 1772 1773
3 1775 1774 1773
3 1776 1774 1775
3 1777 1776 1775
3 1778 1776 1777
3 1779 1778 1777
3 1782 1781 1780
3 1783 1781 1782
3 1784 1783 1782
3 1785 1783 1784
3 1786 1785 1784
3 1787 1785 1786
3 1788 1787 1786
3 1789 1787 1788
3 1790 1789 1788
3 1791 1789 1790
3 1792 1791 1790
3 1795 1794 1793
3 1796 1794 1795
3 1797 1796 1795
3 1798 1796 1797
3 1799 1798 1797
3 1800 1798 1799
3 1801 1800 1799
3 1802 1800 1801
3 1803 1802 1801
3 1781 1802 1803
3 1780 1781 1803
3 1806 1805 1804
3 1807 1805 1806
3 1808 1807 1806
3 1809 1807 1808
3 1810 1809 1808
3 1811 1809 1810
3 1812 1811 1810
3 1813 1811 1812
3 1814 1813 1812
3 1815 1813 1814
3 1818 1817 1816
3 1819 1817 1818
3 1820 1819 1818
3 1791 1819 1820
3 1821 1791 1820
3 1789 1791 1821
3 1822 1789 1821
3 1823 1789 1822
3 1824 1823 1822
3 1825 1823 1822
3 1826 1825 1822
3 1794 1825 1826
3 1827 1794 1826
3 1793 1794 1827
3 1828 1793 1827
3 1829 1802 1781
3 1830 1802 1829
3 1831 1830 1829
3 1825 1830 1831
3 1832 1825 1831
3 1823 1825 1832
3 1835 1834 1833
3 1836 1834 1835
3 1837 1836 1835
3 1838 1836 1837
3 1839 1838 1837
3 1840 1838 1839
3 1843 1842 1841
3 1844 1842 1843
3 1845 1844 1843
3 1805 1844 1845
3 1804 1805 1845
3 1841 1813 1815
3 1846 1813 1841
3 1842 1846 1841
3 1809 1846 1842
3 1807 1809 1842
3 1796 1825 1794
3 1830 1825 1796
3 1798 1830 1796
3 1802 1830 1798
3 1800 1802 1798
3 1849 1848 1847
3 1850 1848 1849
3 1851 1850 1849
3 1852 1850 1851
3 1853 1852 1851
3 1856 1855 1854
3 1857 1855 1856
3 1858 1857 1856
3 1859 1857 1858
3 1861 1854 1860
3 1856 1854 1861
3 1862 1856 1861
3 1858 1856 1862
3 1865 1864 1863
3 1866 1864 1865
3 1867 1866 1865
3 1868 1866 1867
3 1866 1869 1864
3 1870 1869 1866
3 1868 1870 1866
3 1871 1870 1868
3 1872 1870 1871
3 1873 1870 1872
3 1874 1873 1872
3 1875 1873 1874
3 1878 1877 1876
3 1822 1877 1878
3 1826 1822 1878
3 1833 1880 1879
3 1881 1880 1833
3 1834 1881 1833
3 1791 1817 1819
3 1882 1817 1791
3 1792 1882 1791
3 1884 1770 1883
3 1768 1770 1884
3 1885 1768 1884
3 1857 1886 1855
3 1887 1886 1857
3 1888 1887 1857
3 1840 1889 1838
3 1890 1889 1840
3 1891 1890 1840
3 1892 1770 1772
3 1883 1770 1892
3 1893 1883 1892
3 1894 1779 1777
3 1895 1779 1894
3 1896 1895 1894
3 1788 1792 1790
3 1897 1792 1788
3 1898 1897 1788
3 1901 1900 1899
3 1784 1900 1901
3 1786 1784 1901
3 1827 1902 1828
3 1818 1902 1827
3 1876 1818 1827
3 1801 1904 1903
3 1905 1904 1801
3 1906 1905 1801
3 1909 1908 1907
3 1804 1908 1909
3 1911 1885 1910
3 1768 1885 1911
3 1914 1913 1912
3 1915 1913 1914
3 1915 1916 1913
3 1853 1916 1915
3 1919 1918 1917
3 1920 1918 1919
3 1922 1848 1921
3 1847 1848 1922
3 1923 1845 1843
3 1908 1845 1923
3 1872 1814 1874
3 1815 1814 1872
3 1783 1829 1781
3 1785 1829 1783
3 1785 1831 1829
3 1787 1831 1785
3 1878 1827 1826
3 1876 1827 1878
3 1773 1924 1775
3 1925 1924 1773
3 1776 1893 1892
3 1778 1893 1776
3 1832 1789 1823
3 1831 1789 1832
3 1924 1896 1894
3 1925 1896 1924
3 1925 1926 1896
3 1886 1926 1925
3 1886 1927 1926
3 1887 1927 1886
3 1927 1779 1895
3 1887 1779 1927
3 1875 1810 1873
3 1812 1810 1875
3 1929 1891 1928
3 1890 1891 1929
3 1912 1880 1914
3 1879 1880 1912
3 1803 1903 1780
3 1801 1903 1803
3 1931 1843 1930
3 1923 1843 1931
3 1920 1921 1918
3 1922 1921 1920
3 1820 1876 1877
3 1818 1876 1820
3 1821 1877 1822
3 1820 1877 1821
3 1898 1786 1901
3 1788 1786 1898
3 1851 1916 1853
3 1782 1900 1784
3 1888 1857 1859
3 1789 1831 1787
3 1908 1804 1845
3 1799 1906 1801
3 1873 1869 1870
3 1934 1933 1932
3 1935 1933 1934
3 1936 1935 1934
3 1937 1935 1936
3 1938 1937 1936
3 1939 1937 1938
3 1940 1939 1938
3 1941 1939 1940
3 1942 1941 1940
3 1943 1941 1942
3 1944 1943 1942
3 1945 1943 1944
3 1946 1945 1944
3 1947 1945 1946
3 1948 1947 1946
3 1949 1947 1948
3 1950 1946 1944
3 1951 1946 1950
3 1952 1951 1950
3 1953 1951 1952
3 1954 1953 1952
3 1955 1953 1954
3 1956 1955 1954
3 1957 1955 1956
3 1958 1957 1956
3 1959 1957 1958
3 1962 1961 1960
3 1963 1961 1962
3 1964 1963 1962
3 1965 1963 1964
3 1966 1965 1964
3 1967 1965 1966
3 1968 1967 1966
3 1969 1967 1968
3 1970 1969 1968
3 1973 1972 1971
3 1974 1972 1973
3 1975 1974 1973
3 1976 1974 1975
3 1977 1976 1975
3 1978 1976 1977
3 1979 1978 1977
3 1980 1978 1979
3 1932 1980 1979
3 1983 1982 1981
3 1984 1982 1983
3 1985 1984 1983
3 1986 1984 1985
3 1987 1986 1985
3 1988 1986 1987
3 1989 1988 1987
3 1990 1988 1989
3 1993 1992 1991
3 1994 1992 1993
3 1995 1994 1993
3 1996 1994 1995
3 1997 1996 1995
3 1998 1996 1997
3 1999 1998 1997
3 2002 2001 2000
3 2003 2001 2002
3 2004 2003 2002
3 2005 2003 2004
3 2006 2005 2004
3 1952 2005 2006
3 2007 1952 2006
3 2008 1947 1949
3 2009 1947 2008
3 2010 2009 2008
3 2011 2009 2010
3 2012 2011 2010
3 1941 2011 2012
3 2015 2014 2013
3 2016 2014 2015
3 2017 2016 2015
3 2000 2016 2017
3 2018 2000 2017
3 2002 2000 2018
3 2021 2020 2019
3 2022 2020 2021
3 2023 2022 2021
3 2024 2022 2023
3 2025 2024 2023
3 2026 2024 2025
3 2029 2028 2027
3 2030 2028 2029
3 2031 2030 2029
3 2032 2030 2031
3 2033 2032 2031
3 2034 2032 2033
3 2037 2036 2035
3 2038 2036 2037
3 2039 2038 2037
3 2040 2038 2039
3 2041 2040 2039
3 2042 2040 2041
3 2045 2044 2043
3 2046 2044 2045
3 2047 2046 2045
3 2048 2046 2047
3 2049 2048 2047
3 2050 2048 2049
3 2053 2052 2051
3 2054 2052 2053
3 2055 2054 2053
3 2056 2054 2055
3 2057 2056 2055
3 2058 2056 2057
3 2061 2060 2059
3 2062 2060 2061
3 2063 2062 2061
3 2064 2062 2063
3 2065 2064 2063
3 1956 2066 1958
3 1972 2066 1956
3 2067 1972 1956
3 1971 1972 2067
3 1952 1971 2067
3 2070 2069 2068
3 2071 2069 2070
3 2072 2071 2070
3 2073 2071 2072
3 2074 2073 2072
3 2077 2076 2075
3 2078 2076 2077
3 2079 2078 2077
3 2076 2078 2079
3 2080 2076 2079
3 2081 2061 2059
3 2082 2061 2081
3 2083 2082 2081
3 2065 2082 2083
3 2084 2070 2068
3 2072 2070 2084
3 2085 2072 2084
3 2074 2072 2085
3 2087 2037 2086
3 2039 2037 2087
3 2088 2039 2087
3 2041 2039 2088
3 2091 2090 2089
3 2092 2090 2091
3 2093 2092 2091
3 2094 2092 2093
3 2097 2096 2095
3 2098 2096 2097
3 2099 2098 2097
3 2100 2098 2099
3 2073 1938 2101
3 1940 1938 2073
3 2074 1940 2073
3 2102 1940 2074
3 2104 1979 2103
3 2105 1979 2104
3 2106 2105 2104
3 2107 2105 2106
3 2110 2109 2108
3 2111 2109 2110
3 2112 2111 2110
3 2113 2111 2112
3 2116 2115 2114
3 2117 2115 2116
3 2118 2117 2116
3 2119 2117 2118
3 2122 2121 2120
3 2089 2121 2122
3 2123 2089 2122
3 2091 2089 2123
3 2126 2125 2124
3 2127 2125 2126
3 2128 2127 2126
3 2129 2127 2128
3 2132 2131 2130
3 1936 2131 2132
3 2101 1936 2132
3 1938 1936 2101
3 2133 2131 1934
3 2130 2131 2133
3 2134 2130 2133
3 2135 2130 2134
3 2034 2136 2032
3 2137 2136 2034
3 2138 2137 2034
3 2139 2137 2138
3 2142 2141 2140
3 2143 2141 2142
3 2144 2143 2142
3 2145 2143 2144
3 2147 2053 2146
3 2055 2053 2147
3 2148 2055 2147
3 2057 2055 2148
3 2141 2150 2149
3 2151 2150 2141
3 2143 2151 2141
3 2145 2151 2143
3 2154 2153 2152
3 2155 2153 2154
3 2156 2155 2154
3 2157 2155 2156
3 1978 2077 1976
3 2079 2077 1978
3 1980 2079 1978
3 2158 2079 1980
3 1935 2159 1933
3 2160 2159 1935
3 1937 2160 1935
3 1939 2160 1937
3 2162 2160 2161
3 2163 2160 2162
3 2159 2163 2162
3 2160 2163 2159
3 1977 2164 1979
3 2165 2164 1977
3 2166 2165 1977
3 2120 2168 2167
3 2169 2168 2120
3 2121 2169 2120
3 2172 2171 2170
3 2173 2171 2172
3 2174 2173 2172
3 2177 2176 2175
3 2053 2176 2177
3 2178 2053 2177
3 2179 2092 2094
3 2180 2092 2179
3 2181 2180 2179
3 2046 2182 2044
3 2050 2182 2046
3 2048 2050 2046
3 2185 2184 2183
3 2186 2184 2185
3 2187 2186 2185
3 2190 2189 2188
3 2191 2189 2190
3 2192 2191 2190
3 2194 2193 2188
3 2195 2193 2194
3 2196 2195 2194
3 2199 2198 2197
3 2200 2198 2199
3 2201 2200 2199
3 1955 2202 1953
3 2203 2202 1955
3 1959 2203 1955
3 2176 2204 2175
3 2142 2204 2176
3 2144 2142 2176
3 2011 1947 2009
3 1945 1947 2011
3 1943 1945 2011
3 2077 1974 1976
3 2205 1974 2077
3 2075 2205 2077
3 2198 2207 2206
3 2208 2207 2198
3 2209 2208 2198
3 2212 2211 2210
3 2213 2211 2212
3 2214 2213 2212
3 2217 2216 2215
3 2218 2216 2217
3 2219 2218 2217
3 2159 2220 1933
3 2221 2220 2159
3 2162 2221 2159
3 2013 1944 1942
3 2222 1944 2013
3 2014 2222 2013
3 2225 2224 2223
3 2226 2224 2225
3 2227 2226 2225
3 2229 2228 2168
3 2230 2228 2229
3 2231 2230 2229
3 2027 2233 2232
3 2234 2233 2027
3 2028 2234 2027
3 2237 2236 2235
3 2238 2236 2237
3 1996 2238 2237
3 2241 2240 2239
3 2038 2240 2241
3 2087 2242 2088
3 2243 2242 2087
3 2245 2244 2239
3 2045 2244 2245
3 2246 2111 2113
3 2247 2111 2246
3 2060 1973 2235
3 2062 1973 2060
3 2250 2249 2248
3 2019 2249 2250
3 2066 2252 2251
3 2253 2252 2066
3 2255 2254 1953
3 2256 2254 2255
3 2062 1975 1973
3 2166 1975 2062
3 2257 2148 2147
3 2258 2148 2257
3 2129 2114 2127
3 2116 2114 2129
3 2074 2259 2102
3 2260 2259 2074
3 2092 2262 2261
3 2263 2262 2092
3 2119 1991 2117
3 1993 1991 2119
3 2266 2265 2264
3 2267 2265 2266
3 2114 2259 2260
3 2115 2259 2114
3 2269 2268 2267
3 2270 2268 2269
3 2249 2020 2271
3 2019 2020 2249
3 2273 2272 2147
3 2274 2272 2273
3 2139 2275 2137
3 2276 2275 2139
3 2276 2277 2275
3 2278 2277 2276
3 2281 2280 2279
3 2282 2280 2281
3 2192 2284 2283
3 2285 2284 2192
3 2285 2223 2284
3 2286 2223 2285
3 2287 2223 2286
3 2225 2223 2287
3 2289 2182 2288
3 2044 2182 2289
3 2291 1999 2290
3 1998 1999 2291
3 2294 2293 2292
3 2295 2293 2294
3 2297 2296 2270
3 2298 2296 2297
3 2299 2282 2281
3 2300 2282 2299
3 2054 2058 2052
3 2056 2058 2054
3 2301 2053 2051
3 2302 2053 2301
3 2305 2304 2303
3 2306 2304 2305
3 2309 2308 2307
3 2044 2308 2309
3 2311 2150 2310
3 2149 2150 2311
3 2312 2304 2306
3 2313 2304 2312
3 2256 1946 2254
3 2314 1946 2256
3 2315 2231 2229
3 2227 2231 2315
3 2227 2316 2231
3 2225 2316 2227
3 2025 2318 2317
3 2023 2318 2025
3 2293 2320 2319
3 2295 2320 2293
3 2012 2322 2321
3 2323 2322 2012
3 2324 1970 1968
3 2325 1970 2324
3 2325 2326 1970
3 2327 2326 2325
3 2327 2278 2326
3 2277 2278 2327
3 2040 2240 2038
3 2042 2240 2040
3 2329 2280 2328
3 2330 2280 2329
3 2330 2331 2280
3 2332 2331 2330
3 2105 1932 1979
3 1934 1932 2105
3 2067 1954 1952
3 1956 1954 2067
3 2335 2334 2333
3 2103 2334 2335
3 2338 2337 2336
3 2339 2337 2338
3 2340 2087 2086
3 2341 2087 2340
3 2343 2290 2342
3 2291 2290 2343
3 2036 2241 2344
3 2038 2241 2036
3 2241 2345 2344
3 2045 2345 2241
3 2164 2103 1979
3 2334 2103 2164
3 2347 2149 2346
3 2141 2149 2347
3 2348 2160 1939
3 2161 2160 2348
3 2350 2210 2349
3 2212 2210 2350
3 2149 2351 2346
3 2352 2351 2149
3 2353 1990 2222
3 1988 1990 2353
3 2082 2063 2061
3 2065 2063 2082
3 1934 2107 2133
3 2105 2107 1934
3 2047 2354 2049
3 2045 2354 2047
3 2071 2355 2069
3 2073 2355 2071
3 2358 2357 2356
3 2354 2045 2245
3 2181 2359 2180
3 2360 2274 2124
3 2331 2332 2361
3 2363 2223 2362
3 2209 2181 2364
3 2343 2365 2307
3 2283 2284 2366
3 2284 2223 2367
3 2345 2045 2368
3 2352 2369 2351
3 1955 1957 1959
3 2372 2371 2370
3 2185 2373 2187
3 2011 1941 1943
3 2212 2374 2214
3 2180 2263 2092
3 1977 1975 2166
3 2079 2158 2080
3 2179 2375 2181
3 2144 2176 2301
3 1934 2131 1936
3 2174 2172 2376
3 2087 2341 2377
3 2237 1994 1996
3 2191 2192 2283
3 2337 2339 2281
3 2219 2217 2378
3 2164 2165 2334
3 2381 2380 2379
3 2382 2380 2381
3 2383 2382 2381
3 2384 2382 2383
3 2385 2384 2383
3 2386 2384 2385
3 2387 2386 2385
3 2388 2386 2387
3 2389 2388 2387
3 2390 2388 2389
3 2391 2390 2389
3 2392 2390 2391
3 2393 2392 2391
3 2394 2392 2393
3 2395 2394 2393
3 2396 2394 2395
3 2397 2396 2395
3 2398 2396 2397
3 2399 2398 2397
3 2400 2398 2399
3 2401 2400 2399
3 2402 2400 2401
3 2403 2402 2401
3 2404 2402 2403
3 2405 2404 2403
3 2406 2404 2405
3 2407 2406 2405
3 2408 2406 2407
3 2409 2408 2407
3 2410 2408 2409
3 2411 2410 2409
3 2412 2410 2411
3 2413 2412 2411
3 2414 2412 2413
3 2417 2416 2415
3 2418 2416 2417
3 2419 2418 2417
3 2420 2418 2419
3 2421 2420 2419
3 2422 2420 2421
3 2423 2422 2421
3 2424 2422 2423
3 2425 2424 2423
3 2426 2424 2425
3 2427 2426 2425
3 2428 2426 2427
3 2429 2428 2427
3 2430 2428 2429
3 2431 2430 2429
3 2432 2430 2431
3 2433 2432 2431
3 2434 2432 2433
3 2435 2434 2433
3 2438 2437 2436
3 2439 2437 2438
3 2440 2439 2438
3 2441 2439 2440
3 2442 2441 2440
3 2443 2441 2442
3 2444 2443 2442
3 2445 2443 2444
3 2446 2445 2444
3 2447 2445 2446
3 2448 2447 2446
3 2449 2447 2448
3 2450 2449 2448
3 2451 2449 2450
3 2452 2451 2450
3 2453 2451 2452
3 2454 2453 2452
3 2455 2453 2454
3 2458 2457 2456
3 2459 2457 2458
3 2460 2459 2458
3 2461 2459 2460
3 2462 2461 2460
3 2463 2461 2462
3 2464 2463 2462
3 2465 2463 2464
3 2462 2465 2464
3 2466 2465 2462
3 2460 2466 2462
3 2467 2466 2460
3 2458 2467 2460
3 2468 2467 2458
3 2456 2468 2458
3 2382 2420 2380
3 2418 2420 2382
3 2384 2418 2382
3 2416 2418 2384
3 2386 2416 2384
3 2415 2416 2386
3 2469 2415 2386
3 2470 2415 2469
3 2471 2470 2469
3 2392 2470 2471
3 2390 2392 2471
3 2408 2472 2406
3 2473 2472 2408
3 2410 2473 2408
3 2474 2473 2410
3 2475 2474 2410
3 2476 2474 2475
3 2477 2476 2475
3 2478 2476 2477
3 2479 2478 2477
3 2431 2478 2479
3 2433 2431 2479
3 2482 2481 2480
3 2483 2481 2482
3 2484 2483 2482
3 2485 2483 2484
3 2486 2485 2484
3 2481 2485 2486
3 2487 2481 2486
3 2488 2481 2487
3 2432 2428 2430
3 2426 2428 2432
3 2379 2426 2432
3 2424 2426 2379
3 2380 2424 2379
3 2422 2424 2380
3 2420 2422 2380
3 2472 2427 2425
3 2429 2427 2472
3 2489 2429 2472
3 2431 2429 2489
3 2490 2431 2489
3 2478 2431 2490
3 2476 2478 2490
3 2491 2396 2398
3 2394 2396 2491
3 2492 2394 2491
3 2470 2394 2492
3 2493 2470 2492
3 2494 2470 2493
3 2479 2435 2433
3 2495 2435 2479
3 2496 2495 2479
3 2497 2495 2496
3 2477 2497 2496
3 2475 2497 2477
3 2500 2499 2498
3 2501 2499 2500
3 2502 2501 2500
3 2503 2501 2502
3 2504 2503 2502
3 2505 2503 2504
3 2467 2465 2466
3 2506 2465 2467
3 2468 2506 2467
3 2465 2506 2468
3 2507 2465 2468
3 2463 2465 2507
3 2510 2509 2508
3 2511 2509 2510
3 2512 2511 2510
3 2513 2511 2512
3 2508 2513 2512
3 2509 2513 2508
3 2516 2515 2514
3 2517 2515 2516
3 2518 2517 2516
3 2519 2517 2518
3 2514 2519 2518
3 2515 2519 2514
3 2522 2521 2520
3 2523 2521 2522
3 2524 2523 2522
3 2525 2523 2524
3 2487 2525 2524
3 2526 2525 2487
3 2528 2381 2527
3 2529 2381 2528
3 2530 2529 2528
3 2531 2529 2530
3 2532 2531 2530
3 2533 2531 2532
3 2536 2535 2534
3 2530 2535 2536
3 2537 2530 2536
3 2538 2530 2537
3 2399 2538 2537
3 2397 2538 2399
3 2541 2540 2539
3 2542 2540 2541
3 2543 2542 2541
3 2544 2542 2543
3 2545 2544 2543
3 2534 2414 2413
3 2546 2414 2534
3 2528 2546 2534
3 2547 2546 2528
3 2527 2547 2528
3 2548 2387 2385
3 2389 2387 2548
3 2549 2389 2548
3 2391 2389 2549
3 2393 2391 2549
3 2505 2493 2492
3 2550 2493 2505
3 2504 2550 2505
3 2551 2550 2504
3 2552 2551 2504
3 2555 2554 2553
3 2556 2554 2555
3 2557 2556 2555
3 2558 2556 2557
3 2559 2558 2557
3 2560 2555 2553
3 2557 2555 2560
3 2561 2557 2560
3 2559 2557 2561
3 2498 2559 2561
3 2563 2562 2539
3 2564 2562 2563
3 2565 2564 2563
3 2545 2564 2565
3 2566 2545 2565
3 2569 2568 2567
3 2570 2568 2569
3 2571 2570 2569
3 2572 2570 2571
3 2573 2572 2571
3 2572 2575 2574
3 2520 2575 2572
3 2573 2520 2572
3 2551 2520 2573
3 2550 2551 2573
3 2577 2545 2576
3 2423 2545 2577
3 2578 2423 2577
3 2425 2423 2578
3 2579 2425 2578
3 2547 2432 2434
3 2379 2432 2547
3 2527 2379 2547
3 2381 2379 2527
3 2419 2567 2568
3 2580 2567 2419
3 2417 2580 2419
3 2415 2580 2417
3 2499 2559 2498
3 2398 2559 2499
3 2581 2398 2499
3 2491 2398 2581
3 2582 2404 2579
3 2402 2404 2582
3 2583 2402 2582
3 2558 2402 2583
3 2435 2547 2434
3 2546 2547 2435
3 2495 2546 2435
3 2414 2546 2495
3 2584 2569 2567
3 2585 2569 2584
3 2573 2585 2584
3 2571 2585 2573
3 2586 2560 2553
3 2561 2560 2586
3 2587 2561 2586
3 2480 2561 2587
3 2554 2586 2553
3 2587 2586 2554
3 2556 2587 2554
3 2558 2587 2556
3 2449 2445 2447
3 2443 2445 2449
3 2451 2443 2449
3 2453 2443 2451
3 2393 2588 2395
3 2589 2588 2393
3 2549 2589 2393
3 2548 2589 2549
3 2538 2532 2530
3 2588 2532 2538
3 2397 2588 2538
3 2395 2588 2397
3 2562 2541 2539
3 2543 2541 2562
3 2564 2543 2562
3 2545 2543 2564
3 2411 2534 2413
3 2536 2534 2411
3 2405 2536 2411
3 2403 2536 2405
3 2544 2568 2590
3 2419 2568 2544
3 2421 2419 2544
3 2488 2498 2480
3 2591 2498 2488
3 2592 2591 2488
3 2558 2482 2480
3 2576 2482 2558
3 2583 2576 2558
3 2595 2594 2593
3 2596 2594 2595
3 2593 2596 2595
3 2599 2598 2597
3 2600 2598 2599
3 2597 2600 2599
3 2603 2602 2601
3 2604 2602 2603
3 2601 2604 2603
3 2607 2606 2605
3 2608 2606 2607
3 2605 2608 2607
3 2461 2609 2459
3 2610 2609 2461
3 2463 2610 2461
3 2469 2390 2471
3 2388 2390 2469
3 2386 2388 2469
3 2537 2401 2399
3 2403 2401 2537
3 2536 2403 2537
3 2472 2404 2406
3 2579 2404 2472
3 2425 2579 2472
3 2497 2414 2495
3 2412 2414 2497
3 2410 2412 2497
3 2542 2565 2540
3 2566 2565 2542
3 2590 2566 2542
3 2611 2487 2524
3 2488 2487 2611
3 2552 2488 2611
3 2501 2581 2499
3 2505 2581 2501
3 2503 2505 2501
3 2559 2402 2558
3 2400 2402 2559
3 2398 2400 2559
3 2614 2613 2612
3 2615 2613 2614
3 2612 2615 2614
3 2570 2590 2568
3 2574 2590 2570
3 2572 2574 2570
3 2617 2616 2522
3 2611 2616 2617
3 2552 2611 2617
3 2620 2619 2618
3 2621 2619 2620
3 2618 2621 2620
3 2624 2623 2622
3 2625 2623 2624
3 2622 2625 2624
3 2628 2627 2626
3 2629 2627 2628
3 2626 2629 2628
3 2632 2631 2630
3 2633 2631 2632
3 2630 2633 2632
3 2636 2635 2634
3 2637 2635 2636
3 2634 2637 2636
3 2640 2639 2638
3 2641 2639 2640
3 2638 2641 2640
3 2644 2643 2642
3 2645 2643 2644
3 2642 2645 2644
3 2590 2575 2566
3 2574 2575 2590
3 2493 2584 2494
3 2550 2584 2493
3 2454 2438 2436
3 2452 2438 2454
3 2482 2545 2566
3 2576 2545 2482
3 2540 2563 2539
3 2565 2563 2540
3 2439 2455 2437
3 2441 2455 2439
3 2444 2448 2446
3 2442 2448 2444
3 2592 2552 2504
3 2488 2552 2592
3 2544 2423 2421
3 2545 2423 2544
3 2591 2500 2498
3 2592 2500 2591
3 2520 2617 2522
3 2551 2617 2520
3 2484 2523 2486
3 2521 2523 2484
3 2441 2453 2455
3 2443 2453 2441
3 2505 2491 2581
3 2492 2491 2505
3 2566 2484 2482
3 2521 2484 2566
3 2440 2452 2450
3 2438 2452 2440
3 2442 2450 2448
3 2440 2450 2442
3 2528 2535 2530
3 2534 2535 2528
3 2407 2411 2409
3 2405 2411 2407
3 2584 2580 2494
3 2567 2580 2584
3 2592 2502 2500
3 2504 2502 2592
3 2383 2531 2646
3 2381 2531 2383
3 2533 2589 2548
3 2532 2589 2533
3 2548 2531 2533
3 2646 2531 2548
3 2474 2472 2473
3 2476 2472 2474
3 2646 2385 2383
3 2548 2385 2646
3 2472 2490 2489
3 2476 2490 2472
3 2437 2454 2436
3 2455 2454 2437
3 2415 2494 2580
3 2470 2494 2415
3 2647 2579 2578
3 2582 2579 2647
3 2532 2588 2589
3 2392 2394 2470
3 2544 2590 2542
3 2485 2481 2483
3 2479 2477 2496
3 2488 2480 2481
3 2526 2523 2525
3 2480 2498 2561
3 2569 2585 2571
3 2410 2497 2475
3 2381 2529 2531
3 2550 2573 2584
3 2558 2480 2587
3 2516 2514 2518
3 2517 2519 2515
3 2617 2551 2552
3 2510 2508 2512
3 2513 2509 2511
